Account_Number,Customer_ID,Account_Type,Balance
ACC10000002,CUST0001,Checking,-21962.81
ACC10000003,CUST0001,Savings,62630.99999999997
ACC10000004,CUST0002,Checking,45511.579999999994
ACC10000005,CUST0002,Savings,6767.250000000002
ACC10000006,CUST0003,Checking,70631.95
ACC10000007,CUST0003,Savings,78513.02999999998
ACC10000008,CUST0004,Checking,93498.87999999998
ACC10000009,CUST0004,Savings,10992.049999999996
ACC10000010,CUST0005,Checking,6109.270000000003
ACC10000011,CUST0005,Savings,92942.98999999998
ACC10000012,CUST0006,Checking,2661.85
ACC10000014,CUST0007,Checking,4121.58
ACC10000016,CUST0008,Checking,-10272.590000000006
ACC10000017,CUST0008,Savings,57652.60000000003
ACC10000018,CUST0009,Checking,-15839.739999999994
ACC10000019,CUST0009,Savings,38232.06999999997
ACC10000020,CUST0010,Checking,-12656.98
ACC10000021,CUST0010,Savings,27828.910000000007
ACC10000022,CUST0011,Checking,-8963.79
ACC10000023,CUST0011,Savings,87875.75000000001
ACC10000024,CUST0012,Checking,45766.62999999999
ACC10000025,CUST0012,Savings,72436.94999999998
ACC10000026,CUST0013,Checking,67162.37999999999
ACC10000027,CUST0013,Savings,7287.620000000002
ACC10000028,CUST0014,Checking,3956.2399999999993
ACC10000030,CUST0015,Checking,6332.239999999999
ACC10000031,CUST0015,Savings,86066.28000000001
ACC10000032,CUST0016,Checking,35795.18
ACC10000033,CUST0016,Savings,69041.04999999999
ACC10000034,CUST0017,Checking,45989.50999999999
ACC10000035,CUST0017,Savings,60353.5
ACC10000036,CUST0018,Checking,68041.23
ACC10000037,CUST0018,Savings,46940.64999999998
ACC10000038,CUST0019,Checking,50174.49999999999
ACC10000040,CUST0020,Checking,21551.379999999997
ACC10000041,CUST0020,Savings,7207.4500000000035
ACC10000042,CUST0021,Checking,85676.10000000002
ACC10000043,CUST0021,Savings,52075.59000000001
ACC10000044,CUST0022,Checking,2864.1900000000005
ACC10000045,CUST0022,Savings,70963.92000000001
ACC10000046,CUST0023,Checking,45540.6
ACC10000047,CUST0023,Savings,52919.53999999999
ACC10000048,CUST0024,Checking,21216.93999999999
ACC10000050,CUST0025,Checking,40891.09999999999
ACC10000051,CUST0025,Savings,93132.23999999998
ACC10000052,CUST0026,Checking,68761.41
ACC10000053,CUST0026,Savings,8056.049999999999
ACC10000054,CUST0027,Checking,35983.850000000006
ACC10000056,CUST0028,Checking,-14925.600000000002
ACC10000057,CUST0028,Savings,39397.159999999996
ACC10000058,CUST0029,Checking,46240.14
ACC10000060,CUST0030,Checking,6926.480000000002
ACC10000062,CUST0031,Checking,54011.990000000005
ACC10000064,CUST0032,Checking,7737.660000000001
ACC10000065,CUST0032,Savings,30980.749999999996
ACC10000066,CUST0033,Checking,28938.129999999997
ACC10000067,CUST0033,Savings,69379.44000000005
ACC10000068,CUST0034,Checking,34363.600000000006
ACC10000070,CUST0035,Checking,2701.18
ACC10000072,CUST0036,Checking,5487.479999999999
ACC10000073,CUST0036,Savings,9715.29
ACC10000074,CUST0037,Checking,7975.700000000003
ACC10000075,CUST0037,Savings,29910.09
ACC10000076,CUST0038,Checking,17363.72
ACC10000077,CUST0038,Savings,55370.53000000001
ACC10000078,CUST0039,Checking,40749.03999999999
ACC10000080,CUST0040,Checking,62127.89
ACC10000082,CUST0041,Checking,11602.660000000005
ACC10000083,CUST0041,Savings,79137.88999999997
ACC10000084,CUST0042,Checking,-19378.450000000004
ACC10000085,CUST0042,Savings,68574.65999999997
ACC10000086,CUST0043,Checking,59814.03999999998
ACC10000088,CUST0044,Checking,-645.9800000000001
ACC10000090,CUST0045,Checking,-9687.220000000003
ACC10000091,CUST0045,Savings,85934.93
ACC10000092,CUST0046,Checking,1490.3
ACC10000093,CUST0046,Savings,4098.009999999999
ACC10000094,CUST0047,Checking,-6557.939999999999
ACC10000095,CUST0047,Savings,79545.77000000003
ACC10000096,CUST0048,Checking,5598.620000000001
ACC10000098,CUST0049,Checking,65763.58
ACC10000099,CUST0049,Savings,65281.46
ACC10000100,CUST0050,Checking,14713.860000000002
ACC10000101,CUST0050,Savings,47390.97
ACC10000102,CUST0051,Checking,58312.990000000005
ACC10000103,CUST0051,Savings,40176.03
ACC10000104,CUST0052,Checking,49372.270000000004
ACC10000106,CUST0053,Checking,34220.04
ACC10000108,CUST0054,Checking,69399.73000000003
ACC10000109,CUST0054,Savings,62743.33
ACC10000110,CUST0055,Checking,1694.5699999999997
ACC10000112,CUST0056,Checking,85818.95
ACC10000114,CUST0057,Checking,-16658.64
ACC10000115,CUST0057,Savings,32070.84
ACC10000116,CUST0058,Checking,49368.350000000006
ACC10000118,CUST0059,Checking,56198.18
ACC10000119,CUST0059,Savings,76073.23
ACC10000120,CUST0060,Checking,76176.13
ACC10000121,CUST0060,Savings,77903.23
ACC10000122,CUST0061,Checking,38924.83
ACC10000124,CUST0062,Checking,39591.329999999994
ACC10000125,CUST0062,Savings,94027.24
ACC10000126,CUST0063,Checking,44704.05000000001
ACC10000127,CUST0063,Savings,40346.429999999986
ACC10000128,CUST0064,Checking,3869.91
ACC10000130,CUST0065,Checking,78488.66000000002
ACC10000131,CUST0065,Savings,13942.819999999994
ACC10000132,CUST0066,Checking,3942.56
ACC10000133,CUST0066,Savings,37601.60999999999
ACC10000134,CUST0067,Checking,-5092.009999999999
ACC10000135,CUST0067,Savings,74501.81
ACC10000136,CUST0068,Checking,-27416.32999999999
ACC10000137,CUST0068,Savings,20868.339999999997
ACC10000138,CUST0069,Checking,56796.19
ACC10000139,CUST0069,Savings,21587.739999999998
ACC10000140,CUST0070,Checking,37528.10000000001
ACC10000142,CUST0071,Checking,2587.8400000000006
ACC10000144,CUST0072,Checking,2684.52
ACC10000146,CUST0073,Checking,52982.47000000001
ACC10000147,CUST0073,Savings,66459.12
ACC10000148,CUST0074,Checking,5010.93
ACC10000150,CUST0075,Checking,8723.899999999998
ACC10000151,CUST0075,Savings,8512.960000000003
ACC10000152,CUST0076,Checking,83339.38999999997
ACC10000153,CUST0076,Savings,73690.81
ACC10000154,CUST0077,Checking,73399.38
ACC10000155,CUST0077,Savings,67564.62000000001
ACC10000156,CUST0078,Checking,1020.7200000000001
ACC10000157,CUST0078,Savings,1985.8000000000004
ACC10000158,CUST0079,Checking,48475.67000000001
ACC10000159,CUST0079,Savings,33346.94000000001
ACC10000160,CUST0080,Checking,4274.299999999999
ACC10000161,CUST0080,Savings,1280.2500000000002
ACC10000162,CUST0081,Checking,41163.67999999999
ACC10000163,CUST0081,Savings,63294.39000000001
ACC10000164,CUST0082,Checking,4754.33
ACC10000166,CUST0083,Checking,-4971.339999999998
ACC10000167,CUST0083,Savings,82705.67000000001
ACC10000168,CUST0084,Checking,10595.07
ACC10000169,CUST0084,Savings,72822.67
ACC10000170,CUST0085,Checking,38957.78999999999
ACC10000171,CUST0085,Savings,86739.9
ACC10000172,CUST0086,Checking,1850.01
ACC10000174,CUST0087,Checking,66823.77000000002
ACC10000176,CUST0088,Checking,55082.810000000005
ACC10000177,CUST0088,Savings,50388.56999999999
ACC10000178,CUST0089,Checking,-7651.039999999998
ACC10000179,CUST0089,Savings,26789.540000000008
ACC10000180,CUST0090,Checking,69591.65
ACC10000181,CUST0090,Savings,39825.4
ACC10000182,CUST0091,Checking,48739.85000000001
ACC10000183,CUST0091,Savings,10606.389999999998
ACC10000184,CUST0092,Checking,-14435.759999999997
ACC10000185,CUST0092,Savings,23939.18
ACC10000186,CUST0093,Checking,-6921.509999999999
ACC10000187,CUST0093,Savings,31941.879999999997
ACC10000188,CUST0094,Checking,45095.99
ACC10000189,CUST0094,Savings,14530.25
ACC10000190,CUST0095,Checking,1514.9899999999998
ACC10000192,CUST0096,Checking,-3921.02
ACC10000193,CUST0096,Savings,49362.69000000001
ACC10000194,CUST0097,Checking,58114.72
ACC10000195,CUST0097,Savings,56302.92000000001
ACC10000196,CUST0098,Checking,2530.7400000000002
ACC10000198,CUST0099,Checking,63124.240000000005
ACC10000199,CUST0099,Savings,93815.88
ACC10000200,CUST0100,Checking,41609.490000000005
ACC10000201,CUST0100,Savings,7568.9400000000005
ACC10000202,CUST0101,Checking,-18936.409999999996
ACC10000203,CUST0101,Savings,69861.54999999997
ACC10000204,CUST0102,Checking,5999.339999999998
ACC10000205,CUST0102,Savings,66762.45000000003
ACC10000206,CUST0103,Checking,53187.77
ACC10000208,CUST0104,Checking,2039.4599999999998
ACC10000210,CUST0105,Checking,4149.880000000003
ACC10000211,CUST0105,Savings,60492.70999999999
ACC10000212,CUST0106,Checking,-12438.749999999995
ACC10000214,CUST0107,Checking,9199.07
ACC10000215,CUST0107,Savings,20243.070000000003
ACC10000216,CUST0108,Checking,14557.119999999999
ACC10000217,CUST0108,Savings,77990.74999999999
ACC10000218,CUST0109,Checking,59288.30000000001
ACC10000220,CUST0110,Checking,60485.02999999999
ACC10000221,CUST0110,Savings,46936.21000000001
ACC10000222,CUST0111,Checking,31434.04
ACC10000224,CUST0112,Checking,53219.01999999999
ACC10000225,CUST0112,Savings,48692.490000000005
ACC10000226,CUST0113,Checking,64401.64
ACC10000227,CUST0113,Savings,70381.78000000001
ACC10000228,CUST0114,Checking,-14710.300000000003
ACC10000229,CUST0114,Savings,7263.9299999999985
ACC10000230,CUST0115,Checking,-5056.5499999999965
ACC10000231,CUST0115,Savings,46656.65000000001
ACC10000232,CUST0116,Checking,1898.5700000000022
ACC10000233,CUST0116,Savings,20103.58
ACC10000234,CUST0117,Checking,3799.88
ACC10000236,CUST0118,Checking,3055.5800000000004
ACC10000238,CUST0119,Checking,2668.8600000000006
ACC10000240,CUST0120,Checking,72987.54000000001
ACC10000242,CUST0121,Checking,59851.54
ACC10000243,CUST0121,Savings,65823.89000000004
ACC10000244,CUST0122,Checking,29456.0
ACC10000246,CUST0123,Checking,70373.98999999999
ACC10000247,CUST0123,Savings,83415.84999999999
ACC10000248,CUST0124,Checking,1733.53
ACC10000250,CUST0125,Checking,2048.7
ACC10000252,CUST0126,Checking,2175.7599999999998
ACC10000254,CUST0127,Checking,5291.830000000004
ACC10000255,CUST0127,Savings,67676.41999999998
ACC10000256,CUST0128,Checking,-14239.870000000006
ACC10000257,CUST0128,Savings,28070.449999999997
ACC10000258,CUST0129,Checking,61986.99999999999
ACC10000259,CUST0129,Savings,17877.690000000002
ACC10000260,CUST0130,Checking,-19063.3
ACC10000261,CUST0130,Savings,24347.100000000002
ACC10000262,CUST0131,Checking,32064.670000000002
ACC10000263,CUST0131,Savings,28849.790000000005
ACC10000264,CUST0132,Checking,70950.12
ACC10000265,CUST0132,Savings,93332.23999999998
ACC10000266,CUST0133,Checking,4456.950000000001
ACC10000268,CUST0134,Checking,71972.7
ACC10000269,CUST0134,Savings,95031.84000000001
ACC10000270,CUST0135,Checking,41230.23
ACC10000271,CUST0135,Savings,79626.48999999998
ACC10000272,CUST0136,Checking,-5663.69
ACC10000273,CUST0136,Savings,19697.96
ACC10000274,CUST0137,Checking,-12881.65
ACC10000275,CUST0137,Savings,58131.05000000001
ACC10000276,CUST0138,Checking,8943.099999999999
ACC10000277,CUST0138,Savings,15857.98
ACC10000278,CUST0139,Checking,4456.21
ACC10000280,CUST0140,Checking,4019.5799999999995
ACC10000281,CUST0140,Savings,9267.98
ACC10000282,CUST0141,Checking,-9798.530000000002
ACC10000283,CUST0141,Savings,30106.529999999995
ACC10000284,CUST0142,Checking,-2794.7099999999964
ACC10000286,CUST0143,Checking,30066.820000000007
ACC10000287,CUST0143,Savings,7807.260000000001
ACC10000288,CUST0144,Checking,-9790.829999999998
ACC10000290,CUST0145,Checking,61293.71
ACC10000291,CUST0145,Savings,94301.89000000001
ACC10000292,CUST0146,Checking,80622.3
ACC10000293,CUST0146,Savings,81809.66999999998
ACC10000294,CUST0147,Checking,24586.030000000006
ACC10000295,CUST0147,Savings,24451.04
ACC10000296,CUST0148,Checking,20403.43
ACC10000297,CUST0148,Savings,94364.24000000002
ACC10000298,CUST0149,Checking,-12458.06
ACC10000299,CUST0149,Savings,93340.23999999999
ACC10000300,CUST0150,Checking,3223.13
ACC10000302,CUST0151,Checking,1404.32
ACC10000304,CUST0152,Checking,2642.4500000000007
ACC10000305,CUST0152,Savings,895.2299999999999
ACC10000306,CUST0153,Checking,42694.840000000004
ACC10000307,CUST0153,Savings,51974.000000000015
ACC10000308,CUST0154,Checking,55327.16999999998
ACC10000309,CUST0154,Savings,52866.6
ACC10000310,CUST0155,Checking,54074.75
ACC10000311,CUST0155,Savings,42053.29000000001
ACC10000312,CUST0156,Checking,-8039.229999999998
ACC10000313,CUST0156,Savings,56602.509999999995
ACC10000314,CUST0157,Checking,-11901.239999999998
ACC10000315,CUST0157,Savings,27191.460000000003
ACC10000316,CUST0158,Checking,74046.68
ACC10000317,CUST0158,Savings,73200.75000000001
ACC10000318,CUST0159,Checking,24242.93
ACC10000320,CUST0160,Checking,73082.42
ACC10000321,CUST0160,Savings,13353.48
ACC10000322,CUST0161,Checking,1920.85
ACC10000324,CUST0162,Checking,72396.49
ACC10000325,CUST0162,Savings,84507.76000000001
ACC10000326,CUST0163,Checking,-6829.09
ACC10000327,CUST0163,Savings,22962.109999999997
ACC10000328,CUST0164,Checking,3334.8400000000006
ACC10000330,CUST0165,Checking,4352.58
ACC10000332,CUST0166,Checking,71048.1
ACC10000333,CUST0166,Savings,16753.729999999996
ACC10000334,CUST0167,Checking,63955.47
ACC10000335,CUST0167,Savings,38317.29999999999
ACC10000336,CUST0168,Checking,93196.26999999999
ACC10000337,CUST0168,Savings,7026.740000000001
ACC10000338,CUST0169,Checking,2269.6199999999994
ACC10000340,CUST0170,Checking,-12575.259999999998
ACC10000341,CUST0170,Savings,13041.500000000002
ACC10000342,CUST0171,Checking,-12124.43
ACC10000343,CUST0171,Savings,19437.259999999995
ACC10000344,CUST0172,Checking,47974.100000000006
ACC10000345,CUST0172,Savings,26920.85000000001
ACC10000346,CUST0173,Checking,-12300.849999999999
ACC10000347,CUST0173,Savings,16980.85999999999
ACC10000348,CUST0174,Checking,57994.48000000001
ACC10000349,CUST0174,Savings,5606.500000000001
ACC10000350,CUST0175,Checking,57854.67
ACC10000351,CUST0175,Savings,96034.55
ACC10000352,CUST0176,Checking,145.01000000000005
ACC10000354,CUST0177,Checking,59181.509999999995
ACC10000355,CUST0177,Savings,24741.35
ACC10000356,CUST0178,Checking,82164.61
ACC10000357,CUST0178,Savings,73583.43
ACC10000358,CUST0179,Checking,50383.65999999998
ACC10000359,CUST0179,Savings,17732.48
ACC10000360,CUST0180,Checking,106935.11
ACC10000361,CUST0180,Savings,55584.28999999998
ACC10000362,CUST0181,Checking,836.1600000000001
ACC10000363,CUST0181,Savings,4711.630000000001
ACC10000364,CUST0182,Checking,33329.49
ACC10000365,CUST0182,Savings,6280.139999999998
ACC10000366,CUST0183,Checking,-13390.15
ACC10000367,CUST0183,Savings,87740.73999999999
ACC10000368,CUST0184,Checking,723.26
ACC10000369,CUST0184,Savings,16766.52
ACC10000370,CUST0185,Checking,4718.76
ACC10000371,CUST0185,Savings,6273.85
ACC10000372,CUST0186,Checking,5799.970000000002
ACC10000373,CUST0186,Savings,37397.89000000001
ACC10000374,CUST0187,Checking,4129.02
ACC10000376,CUST0188,Checking,51341.29000000001
ACC10000377,CUST0188,Savings,63580.21000000001
ACC10000378,CUST0189,Checking,49943.0
ACC10000379,CUST0189,Savings,61446.98000000002
ACC10000380,CUST0190,Checking,18498.629999999997
ACC10000381,CUST0190,Savings,75145.74000000002
ACC10000382,CUST0191,Checking,-10918.61
ACC10000383,CUST0191,Savings,26772.500000000007
ACC10000384,CUST0192,Checking,69693.15999999999
ACC10000385,CUST0192,Savings,76743.44000000002
ACC10000386,CUST0193,Checking,-7014.069999999999
ACC10000387,CUST0193,Savings,573.3799999999954
ACC10000388,CUST0194,Checking,-15600.01
ACC10000389,CUST0194,Savings,22018.729999999996
ACC10000390,CUST0195,Checking,1470.5099999999998
ACC10000392,CUST0196,Checking,-2907.039999999998
ACC10000393,CUST0196,Savings,33590.46999999997
ACC10000394,CUST0197,Checking,4413.2699999999995
ACC10000395,CUST0197,Savings,5040.72
ACC10000396,CUST0198,Checking,-8069.289999999999
ACC10000397,CUST0198,Savings,72205.41999999997
ACC10000398,CUST0199,Checking,4725.639999999999
ACC10000400,CUST0200,Checking,33060.59
ACC10000401,CUST0200,Savings,95906.77000000003
ACC10000402,CUST0201,Checking,71413.23
ACC10000403,CUST0201,Savings,75880.45000000001
ACC10000404,CUST0202,Checking,1679.499999999996
ACC10000405,CUST0202,Savings,70724.00000000001
ACC10000406,CUST0203,Checking,-7699.35
ACC10000408,CUST0204,Checking,69377.23000000001
ACC10000409,CUST0204,Savings,25669.259999999995
ACC10000410,CUST0205,Checking,29389.309999999998
ACC10000411,CUST0205,Savings,51119.320000000014
ACC10000412,CUST0206,Checking,36345.42
ACC10000413,CUST0206,Savings,43206.76999999998
ACC10000414,CUST0207,Checking,54156.95
ACC10000415,CUST0207,Savings,48540.560000000005
ACC10000416,CUST0208,Checking,60903.94000000001
ACC10000417,CUST0208,Savings,32106.38000000002
ACC10000418,CUST0209,Checking,2470.82
ACC10000420,CUST0210,Checking,126068.31999999999
ACC10000422,CUST0211,Checking,-3325.750000000002
ACC10000424,CUST0212,Checking,70003.89
ACC10000425,CUST0212,Savings,6398.700000000003
ACC10000426,CUST0213,Checking,-7160.159999999999
ACC10000427,CUST0213,Savings,21240.879999999997
ACC10000428,CUST0214,Checking,1484.4599999999998
ACC10000430,CUST0215,Checking,1673.8700000000001
ACC10000431,CUST0215,Savings,6956.429999999999
ACC10000432,CUST0216,Checking,561.02
ACC10000434,CUST0217,Checking,46301.1
ACC10000435,CUST0217,Savings,36754.19000000001
ACC10000436,CUST0218,Checking,-15055.32
ACC10000437,CUST0218,Savings,86917.14000000001
ACC10000438,CUST0219,Checking,-23377.829999999994
ACC10000439,CUST0219,Savings,30388.270000000015
ACC10000440,CUST0220,Checking,6776.480000000001
ACC10000441,CUST0220,Savings,45531.68
ACC10000442,CUST0221,Checking,1765.5500000000006
ACC10000444,CUST0222,Checking,-15768.72
ACC10000445,CUST0222,Savings,55325.55999999999
ACC10000446,CUST0223,Checking,66224.83000000002
ACC10000447,CUST0223,Savings,72191.53
ACC10000448,CUST0224,Checking,3200.53
ACC10000449,CUST0224,Savings,47116.92
ACC10000450,CUST0225,Checking,56215.31999999999
ACC10000451,CUST0225,Savings,86805.86
ACC10000452,CUST0226,Checking,-1931.7100000000003
ACC10000453,CUST0226,Savings,25582.990000000005
ACC10000454,CUST0227,Checking,1221.91
ACC10000456,CUST0228,Checking,32877.16000000001
ACC10000458,CUST0229,Checking,49335.39000000001
ACC10000459,CUST0229,Savings,52911.62999999999
ACC10000460,CUST0230,Checking,70010.07999999999
ACC10000461,CUST0230,Savings,64677.39
ACC10000462,CUST0231,Checking,2387.13
ACC10000464,CUST0232,Checking,52409.33000000001
ACC10000465,CUST0232,Savings,35777.26000000001
ACC10000466,CUST0233,Checking,56535.01
ACC10000467,CUST0233,Savings,53061.71000000001
ACC10000468,CUST0234,Checking,40454.25
ACC10000469,CUST0234,Savings,85668.19999999998
ACC10000470,CUST0235,Checking,699.04
ACC10000472,CUST0236,Checking,-5618.109999999999
ACC10000473,CUST0236,Savings,87428.0
ACC10000474,CUST0237,Checking,12458.960000000001
ACC10000475,CUST0237,Savings,8277.13
ACC10000476,CUST0238,Checking,63669.44
ACC10000477,CUST0238,Savings,71828.06000000004
ACC10000478,CUST0239,Checking,40573.58
ACC10000479,CUST0239,Savings,26439.600000000002
ACC10000480,CUST0240,Checking,64845.21000000001
ACC10000482,CUST0241,Checking,9097.65
ACC10000484,CUST0242,Checking,4430.030000000001
ACC10000486,CUST0243,Checking,61337.76999999998
ACC10000488,CUST0244,Checking,68701.43
ACC10000490,CUST0245,Checking,43886.82999999998
ACC10000491,CUST0245,Savings,85322.73000000001
ACC10000492,CUST0246,Checking,38546.25000000001
ACC10000493,CUST0246,Savings,34715.83
ACC10000494,CUST0247,Checking,47295.86000000001
ACC10000495,CUST0247,Savings,57732.14999999999
ACC10000496,CUST0248,Checking,39587.619999999995
ACC10000497,CUST0248,Savings,16565.089999999997
ACC10000498,CUST0249,Checking,82983.75
ACC10000499,CUST0249,Savings,77459.81000000003
ACC10000500,CUST0250,Checking,-16997.28
ACC10000502,CUST0251,Checking,6001.21
ACC10000503,CUST0251,Savings,48687.57
ACC10000504,CUST0252,Checking,76367.97
ACC10000505,CUST0252,Savings,89418.12999999999
ACC10000506,CUST0253,Checking,106032.63999999998
ACC10000507,CUST0253,Savings,72218.62000000002
ACC10000508,CUST0254,Checking,74268.19000000003
ACC10000509,CUST0254,Savings,68157.63
ACC10000510,CUST0255,Checking,21575.540000000005
ACC10000511,CUST0255,Savings,41077.75999999999
ACC10000512,CUST0256,Checking,53230.25999999999
ACC10000513,CUST0256,Savings,3193.4200000000005
ACC10000514,CUST0257,Checking,83337.40000000001
ACC10000515,CUST0257,Savings,14391.619999999994
ACC10000516,CUST0258,Checking,220.4000000000016
ACC10000517,CUST0258,Savings,19848.19000000001
ACC10000518,CUST0259,Checking,2502.94
ACC10000519,CUST0259,Savings,68830.48000000001
ACC10000520,CUST0260,Checking,72542.73
ACC10000521,CUST0260,Savings,50763.17
ACC10000522,CUST0261,Checking,40909.31
ACC10000523,CUST0261,Savings,90678.12999999999
ACC10000524,CUST0262,Checking,58136.659999999974
ACC10000525,CUST0262,Savings,12501.940000000002
ACC10000526,CUST0263,Checking,22756.82
ACC10000527,CUST0263,Savings,10797.660000000003
ACC10000528,CUST0264,Checking,23365.320000000003
ACC10000529,CUST0264,Savings,88620.68999999999
ACC10000530,CUST0265,Checking,55257.439999999995
ACC10000531,CUST0265,Savings,26664.780000000002
ACC10000532,CUST0266,Checking,-14879.789999999999
ACC10000533,CUST0266,Savings,87400.82000000004
ACC10000534,CUST0267,Checking,7897.289999999997
ACC10000535,CUST0267,Savings,49845.32
ACC10000536,CUST0268,Checking,39677.97000000001
ACC10000537,CUST0268,Savings,41206.520000000004
ACC10000538,CUST0269,Checking,4041.49
ACC10000540,CUST0270,Checking,64534.37000000001
ACC10000541,CUST0270,Savings,208.05999999999955
ACC10000542,CUST0271,Checking,86260.88000000003
ACC10000543,CUST0271,Savings,8783.750000000002
ACC10000544,CUST0272,Checking,-10006.76
ACC10000545,CUST0272,Savings,28382.03
ACC10000546,CUST0273,Checking,3572.1800000000003
ACC10000547,CUST0273,Savings,28381.980000000003
ACC10000548,CUST0274,Checking,59976.93999999999
ACC10000549,CUST0274,Savings,63363.84999999996
ACC10000550,CUST0275,Checking,-8487.259999999997
ACC10000551,CUST0275,Savings,89450.84999999998
ACC10000552,CUST0276,Checking,-8354.17
ACC10000553,CUST0276,Savings,47197.530000000006
ACC10000554,CUST0277,Checking,2271.3900000000003
ACC10000556,CUST0278,Checking,45692.45
ACC10000557,CUST0278,Savings,19053.32
ACC10000558,CUST0279,Checking,-24841.320000000003
ACC10000559,CUST0279,Savings,73693.68000000002
ACC10000560,CUST0280,Checking,50236.46
ACC10000561,CUST0280,Savings,29738.65
ACC10000562,CUST0281,Checking,2819.08
ACC10000563,CUST0281,Savings,3638.69
ACC10000564,CUST0282,Checking,6215.340000000002
ACC10000565,CUST0282,Savings,28319.479999999996
ACC10000566,CUST0283,Checking,1849.9699999999998
ACC10000568,CUST0284,Checking,31371.49
ACC10000569,CUST0284,Savings,16991.81000000001
ACC10000570,CUST0285,Checking,-1564.6700000000037
ACC10000571,CUST0285,Savings,93854.68999999999
ACC10000572,CUST0286,Checking,11783.11
ACC10000573,CUST0286,Savings,25647.940000000002
ACC10000574,CUST0287,Checking,56034.94999999999
ACC10000576,CUST0288,Checking,61335.759999999995
ACC10000577,CUST0288,Savings,67838.41999999997
ACC10000578,CUST0289,Checking,66558.0
ACC10000579,CUST0289,Savings,78433.84999999999
ACC10000580,CUST0290,Checking,46402.07
ACC10000581,CUST0290,Savings,80715.19
ACC10000582,CUST0291,Checking,-15094.4
ACC10000583,CUST0291,Savings,6972.81
ACC10000584,CUST0292,Checking,-12686.28
ACC10000585,CUST0292,Savings,31341.879999999997
ACC10000586,CUST0293,Checking,3345.9900000000002
ACC10000588,CUST0294,Checking,1173.54
ACC10000590,CUST0295,Checking,8202.099999999999
ACC10000591,CUST0295,Savings,16355.61000000001
ACC10000592,CUST0296,Checking,47464.82999999999
ACC10000594,CUST0297,Checking,76562.39999999998
ACC10000595,CUST0297,Savings,82527.55
ACC10000596,CUST0298,Checking,62788.51
ACC10000598,CUST0299,Checking,203.55999999999813
ACC10000599,CUST0299,Savings,64003.370000000046
ACC10000600,CUST0300,Checking,3185.53
ACC10000602,CUST0301,Checking,46893.44
ACC10000604,CUST0302,Checking,4076.0900000000015
ACC10000605,CUST0302,Savings,86019.26000000002
ACC10000606,CUST0303,Checking,61682.40999999999
ACC10000607,CUST0303,Savings,21825.09999999999
ACC10000608,CUST0304,Checking,65410.979999999996
ACC10000610,CUST0305,Checking,53460.38
ACC10000611,CUST0305,Savings,46904.65000000001
ACC10000612,CUST0306,Checking,60664.56000000002
ACC10000613,CUST0306,Savings,74311.98999999999
ACC10000614,CUST0307,Checking,64021.27999999999
ACC10000615,CUST0307,Savings,36389.259999999995
ACC10000616,CUST0308,Checking,-18281.579999999998
ACC10000617,CUST0308,Savings,-522.5999999999992
ACC10000618,CUST0309,Checking,58061.70999999999
ACC10000620,CUST0310,Checking,50258.960000000014
ACC10000621,CUST0310,Savings,56924.62000000002
ACC10000622,CUST0311,Checking,1516.2
ACC10000624,CUST0312,Checking,77565.37000000001
ACC10000626,CUST0313,Checking,75735.42000000001
ACC10000627,CUST0313,Savings,3445.15
ACC10000628,CUST0314,Checking,3936.84
ACC10000630,CUST0315,Checking,77044.85
ACC10000632,CUST0316,Checking,43443.840000000004
ACC10000633,CUST0316,Savings,13229.60999999999
ACC10000634,CUST0317,Checking,64780.74999999999
ACC10000636,CUST0318,Checking,51158.520000000004
ACC10000637,CUST0318,Savings,4515.5599999999995
ACC10000638,CUST0319,Checking,65526.23999999998
ACC10000639,CUST0319,Savings,72923.26000000002
ACC10000640,CUST0320,Checking,64900.479999999996
ACC10000641,CUST0320,Savings,22355.919999999995
ACC10000642,CUST0321,Checking,48375.81
ACC10000643,CUST0321,Savings,78381.98999999999
ACC10000644,CUST0322,Checking,67626.37999999999
ACC10000645,CUST0322,Savings,73418.48
ACC10000646,CUST0323,Checking,34916.03
ACC10000647,CUST0323,Savings,10818.900000000001
ACC10000648,CUST0324,Checking,87828.38999999998
ACC10000649,CUST0324,Savings,33209.33
ACC10000650,CUST0325,Checking,1792.4499999999998
ACC10000652,CUST0326,Checking,37920.87000000001
ACC10000653,CUST0326,Savings,24086.049999999996
ACC10000654,CUST0327,Checking,71107.74
ACC10000655,CUST0327,Savings,74523.90999999999
ACC10000656,CUST0328,Checking,-9340.119999999999
ACC10000657,CUST0328,Savings,9301.13
ACC10000658,CUST0329,Checking,69328.25
ACC10000659,CUST0329,Savings,37353.16
ACC10000660,CUST0330,Checking,70017.59
ACC10000661,CUST0330,Savings,37684.340000000004
ACC10000662,CUST0331,Checking,-5099.960000000001
ACC10000663,CUST0331,Savings,76792.71000000002
ACC10000664,CUST0332,Checking,40274.25
ACC10000665,CUST0332,Savings,90280.86
ACC10000666,CUST0333,Checking,59080.47999999998
ACC10000667,CUST0333,Savings,82137.77
ACC10000668,CUST0334,Checking,39316.55000000001
ACC10000669,CUST0334,Savings,70333.43000000002
ACC10000670,CUST0335,Checking,6043.899999999999
ACC10000671,CUST0335,Savings,90522.75999999997
ACC10000672,CUST0336,Checking,3381.58
ACC10000674,CUST0337,Checking,39233.86000000001
ACC10000675,CUST0337,Savings,61694.000000000015
ACC10000676,CUST0338,Checking,6387.290000000002
ACC10000677,CUST0338,Savings,3939.3900000000017
ACC10000678,CUST0339,Checking,61013.60000000001
ACC10000679,CUST0339,Savings,62340.66999999999
ACC10000680,CUST0340,Checking,31906.63000000001
ACC10000682,CUST0341,Checking,42469.40999999999
ACC10000683,CUST0341,Savings,45721.74999999997
ACC10000684,CUST0342,Checking,-19376.820000000003
ACC10000685,CUST0342,Savings,76082.05
ACC10000686,CUST0343,Checking,8010.129999999997
ACC10000687,CUST0343,Savings,41646.26
ACC10000688,CUST0344,Checking,44301.47
ACC10000689,CUST0344,Savings,18117.879999999997
ACC10000690,CUST0345,Checking,51497.92000000001
ACC10000691,CUST0345,Savings,703.2500000000011
ACC10000692,CUST0346,Checking,2742.16
ACC10000694,CUST0347,Checking,20878.39
ACC10000695,CUST0347,Savings,50427.560000000005
ACC10000696,CUST0348,Checking,-9388.09
ACC10000698,CUST0349,Checking,-2533.54
ACC10000699,CUST0349,Savings,27276.919999999995
ACC10000700,CUST0350,Checking,-12112.539999999997
ACC10000701,CUST0350,Savings,49757.829999999994
ACC10000702,CUST0351,Checking,-3001.9300000000007
ACC10000703,CUST0351,Savings,5967.700000000001
ACC10000704,CUST0352,Checking,2673.2100000000005
ACC10000705,CUST0352,Savings,4174.009999999999
ACC10000706,CUST0353,Checking,70422.53999999998
ACC10000708,CUST0354,Checking,44050.709999999985
ACC10000709,CUST0354,Savings,53344.84
ACC10000710,CUST0355,Checking,57334.939999999995
ACC10000711,CUST0355,Savings,8166.449999999998
ACC10000712,CUST0356,Checking,45542.1
ACC10000713,CUST0356,Savings,17764.289999999994
ACC10000714,CUST0357,Checking,56475.12
ACC10000715,CUST0357,Savings,76862.38999999997
ACC10000716,CUST0358,Checking,58701.61000000001
ACC10000717,CUST0358,Savings,42717.96000000001
ACC10000718,CUST0359,Checking,2900.57
ACC10000720,CUST0360,Checking,32594.939999999988
ACC10000721,CUST0360,Savings,83338.97
ACC10000722,CUST0361,Checking,12625.769999999997
ACC10000724,CUST0362,Checking,84452.30000000002
ACC10000725,CUST0362,Savings,63694.560000000005
ACC10000726,CUST0363,Checking,-11065.32
ACC10000727,CUST0363,Savings,78424.94
ACC10000728,CUST0364,Checking,-13513.66
ACC10000729,CUST0364,Savings,56384.930000000015
ACC10000730,CUST0365,Checking,-984.6699999999985
ACC10000731,CUST0365,Savings,78713.26
ACC10000732,CUST0366,Checking,3006.5799999999986
ACC10000733,CUST0366,Savings,29995.74000000001
ACC10000734,CUST0367,Checking,58108.49999999999
ACC10000736,CUST0368,Checking,50892.02000000001
ACC10000738,CUST0369,Checking,45691.329999999994
ACC10000739,CUST0369,Savings,13701.819999999994
ACC10000740,CUST0370,Checking,954.6899999999999
ACC10000742,CUST0371,Checking,61444.009999999995
ACC10000743,CUST0371,Savings,45478.95999999999
ACC10000744,CUST0372,Checking,54494.52
ACC10000745,CUST0372,Savings,52504.7
ACC10000746,CUST0373,Checking,-6544.600000000001
ACC10000747,CUST0373,Savings,11108.67
ACC10000748,CUST0374,Checking,63683.780000000006
ACC10000749,CUST0374,Savings,28446.410000000003
ACC10000750,CUST0375,Checking,-6135.07
ACC10000751,CUST0375,Savings,56485.41
ACC10000752,CUST0376,Checking,-7855.800000000001
ACC10000753,CUST0376,Savings,41894.78999999999
ACC10000754,CUST0377,Checking,65991.96999999999
ACC10000755,CUST0377,Savings,94160.00999999998
ACC10000756,CUST0378,Checking,56441.91
ACC10000757,CUST0378,Savings,59642.33
ACC10000758,CUST0379,Checking,122.27999999999983
ACC10000760,CUST0380,Checking,50615.91000000001
ACC10000761,CUST0380,Savings,20965.949999999997
ACC10000762,CUST0381,Checking,42248.39
ACC10000764,CUST0382,Checking,36512.78000000001
ACC10000765,CUST0382,Savings,72613.69000000003
ACC10000766,CUST0383,Checking,21604.600000000006
ACC10000767,CUST0383,Savings,7593.329999999999
ACC10000768,CUST0384,Checking,-12438.079999999998
ACC10000769,CUST0384,Savings,34558.8
ACC10000770,CUST0385,Checking,36105.689999999995
ACC10000772,CUST0386,Checking,56236.94999999999
ACC10000773,CUST0386,Savings,90575.19999999998
ACC10000774,CUST0387,Checking,55455.85999999999
ACC10000775,CUST0387,Savings,7155.499999999997
ACC10000776,CUST0388,Checking,92682.29000000001
ACC10000777,CUST0388,Savings,87769.92000000003
ACC10000778,CUST0389,Checking,79091.87
ACC10000780,CUST0390,Checking,45726.07000000001
ACC10000781,CUST0390,Savings,67728.26999999999
ACC10000782,CUST0391,Checking,38222.270000000004
ACC10000783,CUST0391,Savings,53362.64000000001
ACC10000784,CUST0392,Checking,1332.0500000000002
ACC10000786,CUST0393,Checking,31866.519999999997
ACC10000787,CUST0393,Savings,91408.53999999998
ACC10000788,CUST0394,Checking,88859.18
ACC10000789,CUST0394,Savings,26140.08
ACC10000790,CUST0395,Checking,68218.62000000001
ACC10000792,CUST0396,Checking,3720.06
ACC10000794,CUST0397,Checking,13559.039999999995
ACC10000795,CUST0397,Savings,68288.05999999998
ACC10000796,CUST0398,Checking,84145.79999999999
ACC10000797,CUST0398,Savings,69432.21
ACC10000798,CUST0399,Checking,45092.33000000001
ACC10000799,CUST0399,Savings,62672.53999999999
ACC10000800,CUST0400,Checking,84670.05
ACC10000801,CUST0400,Savings,9702.810000000001
ACC10000802,CUST0401,Checking,35617.36
ACC10000803,CUST0401,Savings,25603.469999999998
ACC10000804,CUST0402,Checking,-3105.930000000001
ACC10000805,CUST0402,Savings,54806.709999999985
ACC10000806,CUST0403,Checking,58341.13
ACC10000808,CUST0404,Checking,4106.68
ACC10000810,CUST0405,Checking,46812.06000000001
ACC10000811,CUST0405,Savings,11700.07
ACC10000812,CUST0406,Checking,56698.58
ACC10000813,CUST0406,Savings,74932.67000000003
ACC10000814,CUST0407,Checking,32858.3
ACC10000816,CUST0408,Checking,43847.68
ACC10000817,CUST0408,Savings,91202.76000000002
ACC10000818,CUST0409,Checking,7556.740000000001
ACC10000819,CUST0409,Savings,91072.20999999998
ACC10000820,CUST0410,Checking,65677.17000000001
ACC10000821,CUST0410,Savings,2718.999999999999
ACC10000822,CUST0411,Checking,63018.69999999999
ACC10000823,CUST0411,Savings,65399.25999999998
ACC10000824,CUST0412,Checking,-8985.19
ACC10000825,CUST0412,Savings,89144.49999999999
ACC10000826,CUST0413,Checking,-3617.6899999999996
ACC10000828,CUST0414,Checking,2106.68
ACC10000830,CUST0415,Checking,59846.189999999995
ACC10000831,CUST0415,Savings,16067.629999999997
ACC10000832,CUST0416,Checking,-4161.099999999998
ACC10000833,CUST0416,Savings,5230.830000000002
ACC10000834,CUST0417,Checking,80474.21000000002
ACC10000836,CUST0418,Checking,2243.57
ACC10000838,CUST0419,Checking,73341.26
ACC10000839,CUST0419,Savings,4714.000000000002
ACC10000840,CUST0420,Checking,2851.87
ACC10000842,CUST0421,Checking,91486.87
ACC10000844,CUST0422,Checking,86461.01000000001
ACC10000846,CUST0423,Checking,59871.81999999999
ACC10000847,CUST0423,Savings,69589.07999999999
ACC10000848,CUST0424,Checking,81430.25
ACC10000850,CUST0425,Checking,55518.65
ACC10000851,CUST0425,Savings,24040.739999999998
ACC10000852,CUST0426,Checking,89901.91
ACC10000853,CUST0426,Savings,17580.95
ACC10000854,CUST0427,Checking,39202.70999999999
ACC10000856,CUST0428,Checking,-13455.16
ACC10000857,CUST0428,Savings,27843.699999999993
ACC10000858,CUST0429,Checking,2601.810000000001
ACC10000859,CUST0429,Savings,9173.529999999999
ACC10000860,CUST0430,Checking,24863.160000000003
ACC10000861,CUST0430,Savings,25864.930000000004
ACC10000862,CUST0431,Checking,3300.1399999999994
ACC10000863,CUST0431,Savings,57591.71000000001
ACC10000864,CUST0432,Checking,-1444.71
ACC10000865,CUST0432,Savings,48688.600000000006
ACC10000866,CUST0433,Checking,37952.02
ACC10000868,CUST0434,Checking,57079.35
ACC10000869,CUST0434,Savings,36322.509999999995
ACC10000870,CUST0435,Checking,91638.15999999999
ACC10000872,CUST0436,Checking,44282.42
ACC10000873,CUST0436,Savings,84612.46
ACC10000874,CUST0437,Checking,88556.24
ACC10000875,CUST0437,Savings,3029.5400000000013
ACC10000876,CUST0438,Checking,17195.59
ACC10000877,CUST0438,Savings,94118.42
ACC10000878,CUST0439,Checking,-6820.889999999997
ACC10000879,CUST0439,Savings,82547.03000000001
ACC10000880,CUST0440,Checking,53576.35999999999
ACC10000881,CUST0440,Savings,91766.96
ACC10000882,CUST0441,Checking,50531.47000000001
ACC10000883,CUST0441,Savings,81998.92000000003
ACC10000884,CUST0442,Checking,49108.36999999998
ACC10000885,CUST0442,Savings,60203.73999999999
ACC10000886,CUST0443,Checking,27338.11
ACC10000887,CUST0443,Savings,14937.219999999996
ACC10000888,CUST0444,Checking,640.5200000000001
ACC10000890,CUST0445,Checking,19927.79
ACC10000891,CUST0445,Savings,29008.36
ACC10000892,CUST0446,Checking,64943.36
ACC10000893,CUST0446,Savings,54849.97000000002
ACC10000894,CUST0447,Checking,74687.22
ACC10000895,CUST0447,Savings,50707.19
ACC10000896,CUST0448,Checking,34515.6
ACC10000898,CUST0449,Checking,37171.22
ACC10000900,CUST0450,Checking,41495.159999999996
ACC10000901,CUST0450,Savings,95795.03000000001
ACC10000902,CUST0451,Checking,48716.58999999999
ACC10000903,CUST0451,Savings,50342.479999999996
ACC10000904,CUST0452,Checking,6521.200000000001
ACC10000905,CUST0452,Savings,53524.8
ACC10000906,CUST0453,Checking,44341.810000000005
ACC10000907,CUST0453,Savings,9543.479999999998
ACC10000908,CUST0454,Checking,2541.86
ACC10000910,CUST0455,Checking,43438.27
ACC10000911,CUST0455,Savings,67944.43000000004
ACC10000912,CUST0456,Checking,-5718.300000000001
ACC10000914,CUST0457,Checking,1914.05
ACC10000916,CUST0458,Checking,-8530.369999999999
ACC10000918,CUST0459,Checking,42213.479999999996
ACC10000919,CUST0459,Savings,44243.79999999999
ACC10000920,CUST0460,Checking,-5356.629999999999
ACC10000922,CUST0461,Checking,-10499.609999999999
ACC10000924,CUST0462,Checking,62135.06
ACC10000925,CUST0462,Savings,44512.79
ACC10000926,CUST0463,Checking,42635.92999999999
ACC10000927,CUST0463,Savings,12837.779999999997
ACC10000928,CUST0464,Checking,56108.07
ACC10000930,CUST0465,Checking,50060.23
ACC10000931,CUST0465,Savings,29583.670000000002
ACC10000932,CUST0466,Checking,4035.1899999999996
ACC10000934,CUST0467,Checking,-20958.38
ACC10000935,CUST0467,Savings,74540.70999999998
ACC10000936,CUST0468,Checking,-16605.760000000002
ACC10000937,CUST0468,Savings,92048.45999999998
ACC10000938,CUST0469,Checking,50490.13999999999
ACC10000939,CUST0469,Savings,19224.899999999994
ACC10000940,CUST0470,Checking,40248.41
ACC10000941,CUST0470,Savings,80638.2
ACC10000942,CUST0471,Checking,45455.18000000001
ACC10000943,CUST0471,Savings,26519.249999999993
ACC10000944,CUST0472,Checking,-12004.880000000001
ACC10000945,CUST0472,Savings,21594.189999999995
ACC10000946,CUST0473,Checking,-12538.449999999999
ACC10000947,CUST0473,Savings,90205.19
ACC10000948,CUST0474,Checking,79162.50999999998
ACC10000950,CUST0475,Checking,7681.949999999999
ACC10000951,CUST0475,Savings,50406.320000000014
ACC10000952,CUST0476,Checking,40505.42
ACC10000953,CUST0476,Savings,77212.99999999999
ACC10000954,CUST0477,Checking,-18497.849999999995
ACC10000955,CUST0477,Savings,26215.519999999997
ACC10000956,CUST0478,Checking,62060.31
ACC10000957,CUST0478,Savings,84271.23000000001
ACC10000958,CUST0479,Checking,108348.16
ACC10000960,CUST0480,Checking,74667.42
ACC10000961,CUST0480,Savings,39392.03999999999
ACC10000962,CUST0481,Checking,53743.799999999996
ACC10000963,CUST0481,Savings,61049.250000000015
ACC10000964,CUST0482,Checking,30775.870000000006
ACC10000965,CUST0482,Savings,55529.18000000001
ACC10000966,CUST0483,Checking,25088.50000000001
ACC10000967,CUST0483,Savings,91376.71
ACC10000968,CUST0484,Checking,66588.84999999999
ACC10000970,CUST0485,Checking,47914.59
ACC10000971,CUST0485,Savings,65286.939999999995
ACC10000972,CUST0486,Checking,35698.86000000001
ACC10000973,CUST0486,Savings,81178.28000000001
ACC10000974,CUST0487,Checking,-19815.359999999997
ACC10000976,CUST0488,Checking,25621.199999999993
ACC10000978,CUST0489,Checking,79454.31
ACC10000979,CUST0489,Savings,48916.939999999995
ACC10000980,CUST0490,Checking,75988.62000000001
ACC10000981,CUST0490,Savings,58443.70000000001
ACC10000982,CUST0491,Checking,-6400.91
ACC10000983,CUST0491,Savings,41241.03999999998
ACC10000984,CUST0492,Checking,85607.03
ACC10000985,CUST0492,Savings,1454.0599999999981
ACC10000986,CUST0493,Checking,-1458.6300000000024
ACC10000987,CUST0493,Savings,39169.729999999996
ACC10000988,CUST0494,Checking,35599.31000000002
ACC10000989,CUST0494,Savings,75742.95000000003
ACC10000990,CUST0495,Checking,-5201.41
ACC10000991,CUST0495,Savings,84897.83000000003
ACC10000992,CUST0496,Checking,68854.54
ACC10000994,CUST0497,Checking,39871.450000000004
ACC10000995,CUST0497,Savings,69866.5
ACC10000996,CUST0498,Checking,49987.57000000001
ACC10000997,CUST0498,Savings,75590.58000000002
ACC10000998,CUST0499,Checking,1754.2399999999998
ACC10000999,CUST0499,Savings,8297.14
ACC10001000,CUST0500,Checking,-2279.630000000001
ACC10001002,CUST0501,Checking,59155.32000000001
ACC10001003,CUST0501,Savings,89967.43
ACC10001004,CUST0502,Checking,864.05
ACC10001006,CUST0503,Checking,28234.269999999993
ACC10001007,CUST0503,Savings,19761.159999999993
ACC10001008,CUST0504,Checking,-13406.360000000002
ACC10001009,CUST0504,Savings,86515.44
ACC10001010,CUST0505,Checking,33390.7
ACC10001012,CUST0506,Checking,1193.0800000000022
ACC10001013,CUST0506,Savings,62300.77000000001
ACC10001014,CUST0507,Checking,44720.29000000001
ACC10001016,CUST0508,Checking,-3942.4499999999985
ACC10001017,CUST0508,Savings,43921.52
ACC10001018,CUST0509,Checking,65896.78
ACC10001019,CUST0509,Savings,20171.319999999996
ACC10001020,CUST0510,Checking,1930.0700000000002
ACC10001022,CUST0511,Checking,74249.09999999999
ACC10001023,CUST0511,Savings,545.1799999999988
ACC10001024,CUST0512,Checking,53253.210000000014
ACC10001025,CUST0512,Savings,92498.80999999998
ACC10001026,CUST0513,Checking,-11386.990000000002
ACC10001027,CUST0513,Savings,5321.469999999998
ACC10001028,CUST0514,Checking,38714.66
ACC10001029,CUST0514,Savings,47568.99999999999
ACC10001030,CUST0515,Checking,47018.50000000001
ACC10001032,CUST0516,Checking,5007.019999999996
ACC10001033,CUST0516,Savings,76267.84000000004
ACC10001034,CUST0517,Checking,58662.81
ACC10001036,CUST0518,Checking,3399.7100000000005
ACC10001037,CUST0518,Savings,4458.630000000001
ACC10001038,CUST0519,Checking,1850.5900000000004
ACC10001040,CUST0520,Checking,67258.93999999999
ACC10001041,CUST0520,Savings,59098.83
ACC10001042,CUST0521,Checking,-5714.630000000001
ACC10001043,CUST0521,Savings,33131.46999999998
ACC10001044,CUST0522,Checking,64866.69
ACC10001045,CUST0522,Savings,68606.58999999998
ACC10001046,CUST0523,Checking,4655.190000000001
ACC10001047,CUST0523,Savings,44195.810000000005
ACC10001048,CUST0524,Checking,3764.87
ACC10001050,CUST0525,Checking,38088.35999999999
ACC10001052,CUST0526,Checking,28362.030000000002
ACC10001053,CUST0526,Savings,52590.409999999996
ACC10001054,CUST0527,Checking,-19085.550000000003
ACC10001056,CUST0528,Checking,52686.67
ACC10001057,CUST0528,Savings,31052.519999999997
ACC10001058,CUST0529,Checking,66513.98999999999
ACC10001059,CUST0529,Savings,74133.18999999999
ACC10001060,CUST0530,Checking,46086.21
ACC10001061,CUST0530,Savings,24643.479999999996
ACC10001062,CUST0531,Checking,-5546.96
ACC10001063,CUST0531,Savings,68484.49
ACC10001064,CUST0532,Checking,-13983.939999999997
ACC10001065,CUST0532,Savings,78848.51999999999
ACC10001066,CUST0533,Checking,3859.3
ACC10001068,CUST0534,Checking,-607.1600000000001
ACC10001069,CUST0534,Savings,51401.34
ACC10001070,CUST0535,Checking,40158.77
ACC10001071,CUST0535,Savings,25255.829999999994
ACC10001072,CUST0536,Checking,59691.16000000001
ACC10001073,CUST0536,Savings,60758.25000000001
ACC10001074,CUST0537,Checking,845.34
ACC10001076,CUST0538,Checking,37448.83000000001
ACC10001077,CUST0538,Savings,41663.96
ACC10001078,CUST0539,Checking,-13170.449999999999
ACC10001079,CUST0539,Savings,69814.93
ACC10001080,CUST0540,Checking,40180.61
ACC10001082,CUST0541,Checking,236.83999999999997
ACC10001083,CUST0541,Savings,13876.470000000001
ACC10001084,CUST0542,Checking,33560.100000000006
ACC10001085,CUST0542,Savings,73476.83
ACC10001086,CUST0543,Checking,65457.28000000001
ACC10001087,CUST0543,Savings,9088.579999999998
ACC10001088,CUST0544,Checking,-12663.540000000003
ACC10001089,CUST0544,Savings,81092.20000000003
ACC10001090,CUST0545,Checking,24369.109999999993
ACC10001092,CUST0546,Checking,33367.310000000005
ACC10001093,CUST0546,Savings,18727.870000000003
ACC10001094,CUST0547,Checking,77027.81
ACC10001095,CUST0547,Savings,40438.19999999998
ACC10001096,CUST0548,Checking,48547.64
ACC10001097,CUST0548,Savings,61173.76000000001
ACC10001098,CUST0549,Checking,-22105.139999999996
ACC10001099,CUST0549,Savings,27679.620000000003
ACC10001100,CUST0550,Checking,39404.19
ACC10001102,CUST0551,Checking,62235.579999999994
ACC10001103,CUST0551,Savings,82088.81
ACC10001104,CUST0552,Checking,58371.729999999996
ACC10001105,CUST0552,Savings,84654.64000000006
ACC10001106,CUST0553,Checking,80036.09000000001
ACC10001108,CUST0554,Checking,58823.17999999999
ACC10001109,CUST0554,Savings,61290.74
ACC10001110,CUST0555,Checking,72482.7
ACC10001112,CUST0556,Checking,35101.05
ACC10001113,CUST0556,Savings,55130.929999999986
ACC10001114,CUST0557,Checking,-15673.490000000002
ACC10001115,CUST0557,Savings,81436.21000000002
ACC10001116,CUST0558,Checking,52141.29999999998
ACC10001117,CUST0558,Savings,55014.930000000015
ACC10001118,CUST0559,Checking,66767.48
ACC10001119,CUST0559,Savings,62787.46000000001
ACC10001120,CUST0560,Checking,2077.1899999999996
ACC10001121,CUST0560,Savings,32894.61
ACC10001122,CUST0561,Checking,68364.15000000002
ACC10001124,CUST0562,Checking,98147.45999999999
ACC10001126,CUST0563,Checking,3759.36
ACC10001128,CUST0564,Checking,48607.329999999994
ACC10001129,CUST0564,Savings,39675.95999999999
ACC10001130,CUST0565,Checking,75676.31
ACC10001131,CUST0565,Savings,48677.78000000001
ACC10001132,CUST0566,Checking,-10395.98
ACC10001133,CUST0566,Savings,9387.400000000001
ACC10001134,CUST0567,Checking,-5199.1
ACC10001135,CUST0567,Savings,10384.13
ACC10001136,CUST0568,Checking,4908.73
ACC10001137,CUST0568,Savings,45012.409999999996
ACC10001138,CUST0569,Checking,-6546.35
ACC10001140,CUST0570,Checking,51118.479999999996
ACC10001141,CUST0570,Savings,55746.49999999999
ACC10001142,CUST0571,Checking,60632.9
ACC10001143,CUST0571,Savings,83480.01999999997
ACC10001144,CUST0572,Checking,88395.42000000001
ACC10001145,CUST0572,Savings,46706.08
ACC10001146,CUST0573,Checking,61662.64000000001
ACC10001148,CUST0574,Checking,2464.0
ACC10001150,CUST0575,Checking,-12925.04
ACC10001151,CUST0575,Savings,54673.34
ACC10001152,CUST0576,Checking,1183.71
ACC10001154,CUST0577,Checking,64085.43000000001
ACC10001155,CUST0577,Savings,74181.68999999997
ACC10001156,CUST0578,Checking,1295.459999999995
ACC10001157,CUST0578,Savings,79881.26
ACC10001158,CUST0579,Checking,-13022.51
ACC10001159,CUST0579,Savings,31787.780000000002
ACC10001160,CUST0580,Checking,67281.01000000001
ACC10001161,CUST0580,Savings,50872.330000000016
ACC10001162,CUST0581,Checking,2205.0
ACC10001164,CUST0582,Checking,53880.02
ACC10001165,CUST0582,Savings,899.1599999999994
ACC10001166,CUST0583,Checking,65805.18000000001
ACC10001167,CUST0583,Savings,41373.03
ACC10001168,CUST0584,Checking,101019.08
ACC10001169,CUST0584,Savings,74253.54000000002
ACC10001170,CUST0585,Checking,58565.46000000001
ACC10001171,CUST0585,Savings,58904.77000000001
ACC10001172,CUST0586,Checking,66071.19999999998
ACC10001173,CUST0586,Savings,36205.990000000005
ACC10001174,CUST0587,Checking,49520.31000000001
ACC10001175,CUST0587,Savings,94580.31999999999
ACC10001176,CUST0588,Checking,33684.78999999999
ACC10001177,CUST0588,Savings,47016.210000000014
ACC10001178,CUST0589,Checking,3649.72
ACC10001180,CUST0590,Checking,27658.170000000002
ACC10001181,CUST0590,Savings,77627.06999999999
ACC10001182,CUST0591,Checking,63640.22000000001
ACC10001184,CUST0592,Checking,34873.229999999996
ACC10001185,CUST0592,Savings,5387.489999999997
ACC10001186,CUST0593,Checking,-22399.720000000005
ACC10001188,CUST0594,Checking,56787.96000000001
ACC10001189,CUST0594,Savings,60427.41000000001
ACC10001190,CUST0595,Checking,-5650.969999999999
ACC10001191,CUST0595,Savings,89107.51999999997
ACC10001192,CUST0596,Checking,44068.45999999999
ACC10001193,CUST0596,Savings,3218.99
ACC10001194,CUST0597,Checking,50535.32000000001
ACC10001196,CUST0598,Checking,41122.700000000004
ACC10001197,CUST0598,Savings,39502.189999999995
ACC10001198,CUST0599,Checking,58660.77
ACC10001200,CUST0600,Checking,-4418.839999999997
ACC10001201,CUST0600,Savings,70013.74000000003
ACC10001202,CUST0601,Checking,2399.5199999999995
ACC10001204,CUST0602,Checking,-7018.51
ACC10001205,CUST0602,Savings,38302.270000000004
ACC10001206,CUST0603,Checking,74010.34000000001
ACC10001207,CUST0603,Savings,31106.859999999993
ACC10001208,CUST0604,Checking,80865.89999999998
ACC10001209,CUST0604,Savings,90911.95999999999
ACC10001210,CUST0605,Checking,2903.4800000000023
ACC10001212,CUST0606,Checking,912.77
ACC10001213,CUST0606,Savings,9181.380000000001
ACC10001214,CUST0607,Checking,1759.5400000000018
ACC10001215,CUST0607,Savings,32315.329999999998
ACC10001216,CUST0608,Checking,30456.24
ACC10001217,CUST0608,Savings,56268.58
ACC10001218,CUST0609,Checking,22245.5
ACC10001219,CUST0609,Savings,64204.439999999995
ACC10001220,CUST0610,Checking,-9845.71
ACC10001221,CUST0610,Savings,60836.96
ACC10001222,CUST0611,Checking,62421.93
ACC10001223,CUST0611,Savings,28437.350000000006
ACC10001224,CUST0612,Checking,37603.32999999997
ACC10001225,CUST0612,Savings,33607.5
ACC10001226,CUST0613,Checking,71244.40999999999
ACC10001227,CUST0613,Savings,78016.25
ACC10001228,CUST0614,Checking,35221.28
ACC10001230,CUST0615,Checking,2054.86
ACC10001231,CUST0615,Savings,8829.24
ACC10001232,CUST0616,Checking,1357.9299999999998
ACC10001234,CUST0617,Checking,-20983.869999999995
ACC10001235,CUST0617,Savings,77945.62000000002
ACC10001236,CUST0618,Checking,71764.0
ACC10001238,CUST0619,Checking,71135.3
ACC10001240,CUST0620,Checking,1651.8400000000001
ACC10001241,CUST0620,Savings,49084.560000000005
ACC10001242,CUST0621,Checking,33924.31000000001
ACC10001244,CUST0622,Checking,77961.81
ACC10001245,CUST0622,Savings,19477.649999999998
ACC10001246,CUST0623,Checking,-8511.289999999999
ACC10001247,CUST0623,Savings,68410.82000000004
ACC10001248,CUST0624,Checking,89544.26
ACC10001249,CUST0624,Savings,22016.429999999997
ACC10001250,CUST0625,Checking,83257.21
ACC10001251,CUST0625,Savings,85775.16999999998
ACC10001252,CUST0626,Checking,3499.2999999999997
ACC10001253,CUST0626,Savings,4144.46
ACC10001254,CUST0627,Checking,40314.84
ACC10001255,CUST0627,Savings,15139.599999999999
ACC10001256,CUST0628,Checking,53199.040000000015
ACC10001257,CUST0628,Savings,47099.71000000001
ACC10001258,CUST0629,Checking,56127.530000000006
ACC10001259,CUST0629,Savings,73230.22000000002
ACC10001260,CUST0630,Checking,7524.95
ACC10001262,CUST0631,Checking,23626.59
ACC10001263,CUST0631,Savings,78112.42
ACC10001264,CUST0632,Checking,82762.18999999999
ACC10001265,CUST0632,Savings,72750.49999999999
ACC10001266,CUST0633,Checking,3813.2400000000002
ACC10001268,CUST0634,Checking,57250.369999999995
ACC10001269,CUST0634,Savings,81372.04999999999
ACC10001270,CUST0635,Checking,28518.51
ACC10001271,CUST0635,Savings,56595.63999999999
ACC10001272,CUST0636,Checking,25942.789999999997
ACC10001273,CUST0636,Savings,82391.58999999998
ACC10001274,CUST0637,Checking,69590.51
ACC10001275,CUST0637,Savings,62741.98
ACC10001276,CUST0638,Checking,52000.23999999999
ACC10001278,CUST0639,Checking,-20202.909999999996
ACC10001279,CUST0639,Savings,45506.36
ACC10001280,CUST0640,Checking,4465.74
ACC10001282,CUST0641,Checking,607.9999999999999
ACC10001284,CUST0642,Checking,97300.28
ACC10001286,CUST0643,Checking,50348.67
ACC10001288,CUST0644,Checking,22202.17
ACC10001289,CUST0644,Savings,32410.479999999996
ACC10001290,CUST0645,Checking,-16998.609999999997
ACC10001291,CUST0645,Savings,28743.109999999993
ACC10001292,CUST0646,Checking,2251.790000000001
ACC10001293,CUST0646,Savings,19341.139999999996
ACC10001294,CUST0647,Checking,13717.749999999996
ACC10001295,CUST0647,Savings,76752.66
ACC10001296,CUST0648,Checking,51663.29
ACC10001297,CUST0648,Savings,64050.009999999995
ACC10001298,CUST0649,Checking,47201.92999999999
ACC10001299,CUST0649,Savings,13985.320000000002
ACC10001300,CUST0650,Checking,3654.25
ACC10001301,CUST0650,Savings,4718.37
ACC10001302,CUST0651,Checking,4397.179999999999
ACC10001304,CUST0652,Checking,75017.03000000003
ACC10001305,CUST0652,Savings,48755.8
ACC10001306,CUST0653,Checking,49557.130000000005
ACC10001308,CUST0654,Checking,32317.46
ACC10001309,CUST0654,Savings,600.730000000001
ACC10001310,CUST0655,Checking,106269.93
ACC10001311,CUST0655,Savings,36832.83999999999
ACC10001312,CUST0656,Checking,3107.07
ACC10001314,CUST0657,Checking,49579.850000000006
ACC10001316,CUST0658,Checking,52640.56999999999
ACC10001317,CUST0658,Savings,81954.37
ACC10001318,CUST0659,Checking,63318.610000000015
ACC10001319,CUST0659,Savings,87596.81000000001
ACC10001320,CUST0660,Checking,2247.460000000001
ACC10001321,CUST0660,Savings,38895.14000000001
ACC10001322,CUST0661,Checking,4190.54
ACC10001324,CUST0662,Checking,4604.150000000001
ACC10001326,CUST0663,Checking,44238.39
ACC10001327,CUST0663,Savings,53192.22000000001
ACC10001328,CUST0664,Checking,-13015.600000000002
ACC10001329,CUST0664,Savings,41230.159999999996
ACC10001330,CUST0665,Checking,42651.02
ACC10001331,CUST0665,Savings,96702.31999999999
ACC10001332,CUST0666,Checking,58935.939999999995
ACC10001333,CUST0666,Savings,62417.17000000001
ACC10001334,CUST0667,Checking,50463.36
ACC10001335,CUST0667,Savings,72301.21999999999
ACC10001336,CUST0668,Checking,-309.2999999999995
ACC10001338,CUST0669,Checking,-11880.57
ACC10001340,CUST0670,Checking,5011.32
ACC10001342,CUST0671,Checking,72380.34
ACC10001343,CUST0671,Savings,36299.08
ACC10001344,CUST0672,Checking,13838.01
ACC10001345,CUST0672,Savings,87080.24999999999
ACC10001346,CUST0673,Checking,1902.3400000000006
ACC10001348,CUST0674,Checking,42997.87
ACC10001350,CUST0675,Checking,-6429.550000000001
ACC10001352,CUST0676,Checking,592.9599999999963
ACC10001353,CUST0676,Savings,1862.2200000000046
ACC10001354,CUST0677,Checking,33384.490000000005
ACC10001355,CUST0677,Savings,17084.679999999997
ACC10001356,CUST0678,Checking,-2741.02
ACC10001357,CUST0678,Savings,78717.54
ACC10001358,CUST0679,Checking,74348.18
ACC10001359,CUST0679,Savings,41750.89000000001
ACC10001360,CUST0680,Checking,2692.6099999999997
ACC10001362,CUST0681,Checking,60701.170000000006
ACC10001363,CUST0681,Savings,74063.23000000004
ACC10001364,CUST0682,Checking,38868.36
ACC10001365,CUST0682,Savings,30825.66
ACC10001366,CUST0683,Checking,4828.21
ACC10001368,CUST0684,Checking,50939.430000000015
ACC10001369,CUST0684,Savings,74336.34000000001
ACC10001370,CUST0685,Checking,34135.479999999996
ACC10001372,CUST0686,Checking,60239.64
ACC10001373,CUST0686,Savings,51966.54000000001
ACC10001374,CUST0687,Checking,51007.77
ACC10001375,CUST0687,Savings,36798.369999999995
ACC10001376,CUST0688,Checking,47634.07
ACC10001377,CUST0688,Savings,62824.21
ACC10001378,CUST0689,Checking,67264.89000000001
ACC10001380,CUST0690,Checking,61679.02
ACC10001381,CUST0690,Savings,94985.2
ACC10001382,CUST0691,Checking,661.5899999999999
ACC10001383,CUST0691,Savings,8810.96
ACC10001384,CUST0692,Checking,68845.85999999999
ACC10001385,CUST0692,Savings,69216.53
ACC10001386,CUST0693,Checking,30542.089999999993
ACC10001388,CUST0694,Checking,-4928.450000000001
ACC10001390,CUST0695,Checking,78444.28
ACC10001391,CUST0695,Savings,10612.890000000001
ACC10001392,CUST0696,Checking,45733.06999999998
ACC10001393,CUST0696,Savings,59496.94000000001
ACC10001394,CUST0697,Checking,62957.429999999986
ACC10001395,CUST0697,Savings,20496.060000000005
ACC10001396,CUST0698,Checking,36618.08
ACC10001397,CUST0698,Savings,14981.38
ACC10001398,CUST0699,Checking,79641.89
ACC10001399,CUST0699,Savings,85104.48
ACC10001400,CUST0700,Checking,45762.380000000005
ACC10001401,CUST0700,Savings,11121.029999999997
ACC10001402,CUST0701,Checking,-10898.069999999998
ACC10001403,CUST0701,Savings,806.9199999999989
ACC10001404,CUST0702,Checking,79212.84000000001
ACC10001405,CUST0702,Savings,79121.69999999995
ACC10001406,CUST0703,Checking,34183.530000000006
ACC10001407,CUST0703,Savings,2948.6599999999994
ACC10001408,CUST0704,Checking,-8139.31
ACC10001409,CUST0704,Savings,88781.40999999999
ACC10001410,CUST0705,Checking,4023.2100000000046
ACC10001411,CUST0705,Savings,74043.89999999998
ACC10001412,CUST0706,Checking,337.47000000000054
ACC10001413,CUST0706,Savings,56374.58999999999
ACC10001414,CUST0707,Checking,33812.16
ACC10001416,CUST0708,Checking,1420.3200000000008
ACC10001417,CUST0708,Savings,63591.729999999996
ACC10001418,CUST0709,Checking,30349.44
ACC10001419,CUST0709,Savings,12482.65999999999
ACC10001420,CUST0710,Checking,-5785.39
ACC10001421,CUST0710,Savings,2856.949999999999
ACC10001422,CUST0711,Checking,2850.74
ACC10001424,CUST0712,Checking,58874.99
ACC10001425,CUST0712,Savings,34475.40999999998
ACC10001426,CUST0713,Checking,-16857.290000000005
ACC10001427,CUST0713,Savings,58733.87000000001
ACC10001428,CUST0714,Checking,-7870.019999999998
ACC10001429,CUST0714,Savings,53465.52
ACC10001430,CUST0715,Checking,-6080.72
ACC10001431,CUST0715,Savings,74267.29000000002
ACC10001432,CUST0716,Checking,71775.39
ACC10001433,CUST0716,Savings,87279.43000000002
ACC10001434,CUST0717,Checking,60378.649999999994
ACC10001435,CUST0717,Savings,607.5300000000008
ACC10001436,CUST0718,Checking,61555.600000000006
ACC10001437,CUST0718,Savings,58542.72
ACC10001438,CUST0719,Checking,-27112.810000000005
ACC10001439,CUST0719,Savings,61865.87
ACC10001440,CUST0720,Checking,-13626.320000000002
ACC10001441,CUST0720,Savings,7135.179999999996
ACC10001442,CUST0721,Checking,1450.9900000000018
ACC10001443,CUST0721,Savings,30858.409999999996
ACC10001444,CUST0722,Checking,29512.380000000005
ACC10001445,CUST0722,Savings,79622.26000000001
ACC10001446,CUST0723,Checking,28789.069999999996
ACC10001447,CUST0723,Savings,22878.81
ACC10001448,CUST0724,Checking,82099.13999999998
ACC10001449,CUST0724,Savings,67922.33000000002
ACC10001450,CUST0725,Checking,-2396.879999999999
ACC10001451,CUST0725,Savings,59890.02000000001
ACC10001452,CUST0726,Checking,56277.37999999999
ACC10001453,CUST0726,Savings,56328.33
ACC10001454,CUST0727,Checking,50464.41
ACC10001455,CUST0727,Savings,69571.55
ACC10001456,CUST0728,Checking,55205.29
ACC10001458,CUST0729,Checking,1850.5300000000054
ACC10001459,CUST0729,Savings,45655.84999999999
ACC10001460,CUST0730,Checking,39605.34
ACC10001461,CUST0730,Savings,60655.35
ACC10001462,CUST0731,Checking,74345.09
ACC10001463,CUST0731,Savings,47702.149999999994
ACC10001464,CUST0732,Checking,44156.68999999997
ACC10001465,CUST0732,Savings,32779.66
ACC10001466,CUST0733,Checking,3205.8700000000003
ACC10001468,CUST0734,Checking,29486.030000000002
ACC10001470,CUST0735,Checking,75326.63000000002
ACC10001471,CUST0735,Savings,48521.02
ACC10001472,CUST0736,Checking,77201.54999999999
ACC10001473,CUST0736,Savings,73477.55000000003
ACC10001474,CUST0737,Checking,58003.179999999986
ACC10001475,CUST0737,Savings,41843.40000000001
ACC10001476,CUST0738,Checking,74861.25
ACC10001477,CUST0738,Savings,89270.69
ACC10001478,CUST0739,Checking,1158.54
ACC10001480,CUST0740,Checking,3894.68
ACC10001481,CUST0740,Savings,9194.01
ACC10001482,CUST0741,Checking,23891.620000000003
ACC10001483,CUST0741,Savings,52473.23
ACC10001484,CUST0742,Checking,-18283.609999999997
ACC10001486,CUST0743,Checking,47556.41999999999
ACC10001487,CUST0743,Savings,20103.37999999999
ACC10001488,CUST0744,Checking,1509.8600000000004
ACC10001489,CUST0744,Savings,1262.77
ACC10001490,CUST0745,Checking,63633.259999999995
ACC10001491,CUST0745,Savings,89708.16999999998
ACC10001492,CUST0746,Checking,49327.64999999999
ACC10001493,CUST0746,Savings,44015.50000000001
ACC10001494,CUST0747,Checking,-1051.1
ACC10001495,CUST0747,Savings,43452.240000000005
ACC10001496,CUST0748,Checking,-8090.299999999999
ACC10001497,CUST0748,Savings,69192.54000000001
ACC10001498,CUST0749,Checking,42510.84
ACC10001500,CUST0750,Checking,33125.58
ACC10001502,CUST0751,Checking,-3379.02
ACC10001504,CUST0752,Checking,35265.0
ACC10001505,CUST0752,Savings,46082.83000000001
ACC10001506,CUST0753,Checking,-12724.470000000005
ACC10001507,CUST0753,Savings,66714.94000000005
ACC10001508,CUST0754,Checking,2419.7400000000007
ACC10001510,CUST0755,Checking,35167.909999999996
ACC10001511,CUST0755,Savings,78178.80999999995
ACC10001512,CUST0756,Checking,106086.74000000002
ACC10001513,CUST0756,Savings,61883.630000000005
ACC10001514,CUST0757,Checking,54958.25999999998
ACC10001515,CUST0757,Savings,42798.880000000005
ACC10001516,CUST0758,Checking,47848.219999999994
ACC10001517,CUST0758,Savings,10757.439999999997
ACC10001518,CUST0759,Checking,-330.78999999999985
ACC10001520,CUST0760,Checking,71583.31000000001
ACC10001521,CUST0760,Savings,64826.75000000003
ACC10001522,CUST0761,Checking,6895.83
ACC10001523,CUST0761,Savings,85160.30999999998
ACC10001524,CUST0762,Checking,-2962.29
ACC10001525,CUST0762,Savings,96725.28000000001
ACC10001526,CUST0763,Checking,104959.80999999998
ACC10001527,CUST0763,Savings,39348.67
ACC10001528,CUST0764,Checking,-8455.060000000001
ACC10001529,CUST0764,Savings,78488.33999999998
ACC10001530,CUST0765,Checking,65579.57
ACC10001531,CUST0765,Savings,2916.350000000001
ACC10001532,CUST0766,Checking,-12500.28
ACC10001533,CUST0766,Savings,42288.69
ACC10001534,CUST0767,Checking,-11639.939999999999
ACC10001535,CUST0767,Savings,39675.93
ACC10001536,CUST0768,Checking,88604.72
ACC10001538,CUST0769,Checking,41460.33
ACC10001539,CUST0769,Savings,49089.219999999994
ACC10001540,CUST0770,Checking,-1693.53
ACC10001541,CUST0770,Savings,96854.65000000001
ACC10001542,CUST0771,Checking,62250.20999999999
ACC10001543,CUST0771,Savings,26102.649999999994
ACC10001544,CUST0772,Checking,-1687.3100000000027
ACC10001546,CUST0773,Checking,75942.65000000004
ACC10001547,CUST0773,Savings,34668.150000000016
ACC10001548,CUST0774,Checking,72794.44000000003
ACC10001549,CUST0774,Savings,6024.480000000003
ACC10001550,CUST0775,Checking,73079.77000000002
ACC10001551,CUST0775,Savings,26427.82999999999
ACC10001552,CUST0776,Checking,690.48
ACC10001554,CUST0777,Checking,-5718.809999999999
ACC10001555,CUST0777,Savings,62623.89999999998
ACC10001556,CUST0778,Checking,2619.1800000000007
ACC10001558,CUST0779,Checking,2468.3300000000013
ACC10001559,CUST0779,Savings,43505.46
ACC10001560,CUST0780,Checking,-18118.26
ACC10001561,CUST0780,Savings,30235.009999999995
ACC10001562,CUST0781,Checking,54873.30999999999
ACC10001563,CUST0781,Savings,71691.05
ACC10001564,CUST0782,Checking,30114.810000000005
ACC10001565,CUST0782,Savings,85550.36
ACC10001566,CUST0783,Checking,73288.81
ACC10001567,CUST0783,Savings,6444.509999999999
ACC10001568,CUST0784,Checking,-1329.7300000000002
ACC10001569,CUST0784,Savings,11765.56
ACC10001570,CUST0785,Checking,68632.25
ACC10001571,CUST0785,Savings,25652.66
ACC10001572,CUST0786,Checking,69834.28
ACC10001573,CUST0786,Savings,2589.39
ACC10001574,CUST0787,Checking,69012.98000000003
ACC10001575,CUST0787,Savings,71124.85
ACC10001576,CUST0788,Checking,58418.44
ACC10001577,CUST0788,Savings,84746.10999999999
ACC10001578,CUST0789,Checking,-26094.940000000002
ACC10001579,CUST0789,Savings,34678.71
ACC10001580,CUST0790,Checking,1337.1200000000001
ACC10001582,CUST0791,Checking,11186.120000000003
ACC10001583,CUST0791,Savings,65541.27
ACC10001584,CUST0792,Checking,50621.64000000001
ACC10001585,CUST0792,Savings,37823.140000000014
ACC10001586,CUST0793,Checking,61231.289999999986
ACC10001588,CUST0794,Checking,-20292.209999999995
ACC10001589,CUST0794,Savings,17712.269999999997
ACC10001590,CUST0795,Checking,-8864.119999999999
ACC10001591,CUST0795,Savings,70084.63999999993
ACC10001592,CUST0796,Checking,4151.15
ACC10001593,CUST0796,Savings,923.1900000000002
ACC10001594,CUST0797,Checking,-16305.709999999997
ACC10001595,CUST0797,Savings,87050.98999999999
ACC10001596,CUST0798,Checking,72549.02000000005
ACC10001597,CUST0798,Savings,94654.69
ACC10001598,CUST0799,Checking,50832.61000000001
ACC10001599,CUST0799,Savings,6166.01
ACC10001600,CUST0800,Checking,41513.090000000004
ACC10001601,CUST0800,Savings,73754.59999999999
ACC10001602,CUST0801,Checking,74290.56
ACC10001603,CUST0801,Savings,40651.41999999999
ACC10001604,CUST0802,Checking,47743.55
ACC10001605,CUST0802,Savings,18658.92
ACC10001606,CUST0803,Checking,61545.16
ACC10001607,CUST0803,Savings,47123.850000000006
ACC10001608,CUST0804,Checking,46142.689999999995
ACC10001609,CUST0804,Savings,10076.710000000003
ACC10001610,CUST0805,Checking,1738.1999999999998
ACC10001611,CUST0805,Savings,8529.109999999999
ACC10001612,CUST0806,Checking,-9646.8
ACC10001613,CUST0806,Savings,21635.210000000006
ACC10001614,CUST0807,Checking,62692.479999999996
ACC10001616,CUST0808,Checking,3763.5800000000004
ACC10001617,CUST0808,Savings,5759.120000000001
ACC10001618,CUST0809,Checking,2046.05
ACC10001620,CUST0810,Checking,28752.58999999999
ACC10001622,CUST0811,Checking,38522.84
ACC10001623,CUST0811,Savings,70259.59
ACC10001624,CUST0812,Checking,40648.07
ACC10001625,CUST0812,Savings,17062.35
ACC10001626,CUST0813,Checking,3945.91
ACC10001627,CUST0813,Savings,818.77
ACC10001628,CUST0814,Checking,59275.709999999985
ACC10001629,CUST0814,Savings,62051.8
ACC10001630,CUST0815,Checking,77615.16
ACC10001631,CUST0815,Savings,15720.09
ACC10001632,CUST0816,Checking,-17738.73
ACC10001633,CUST0816,Savings,22820.129999999997
ACC10001634,CUST0817,Checking,-12089.32
ACC10001635,CUST0817,Savings,58851.49000000001
ACC10001636,CUST0818,Checking,76198.61000000003
ACC10001638,CUST0819,Checking,47292.26000000001
ACC10001639,CUST0819,Savings,22448.780000000006
ACC10001640,CUST0820,Checking,84454.98
ACC10001641,CUST0820,Savings,75469.56000000001
ACC10001642,CUST0821,Checking,45977.64000000001
ACC10001643,CUST0821,Savings,33844.729999999996
ACC10001644,CUST0822,Checking,71519.3
ACC10001645,CUST0822,Savings,71081.91999999998
ACC10001646,CUST0823,Checking,86137.81999999999
ACC10001647,CUST0823,Savings,20930.93
ACC10001648,CUST0824,Checking,47521.64
ACC10001649,CUST0824,Savings,35605.950000000004
ACC10001650,CUST0825,Checking,43520.990000000005
ACC10001651,CUST0825,Savings,47407.22
ACC10001652,CUST0826,Checking,88060.74000000002
ACC10001653,CUST0826,Savings,63583.76999999999
ACC10001654,CUST0827,Checking,78824.49
ACC10001656,CUST0828,Checking,36495.46000000001
ACC10001657,CUST0828,Savings,32409.210000000003
ACC10001658,CUST0829,Checking,4246.060000000003
ACC10001659,CUST0829,Savings,98142.36
ACC10001660,CUST0830,Checking,44630.72000000001
ACC10001661,CUST0830,Savings,77050.39000000001
ACC10001662,CUST0831,Checking,29371.59999999999
ACC10001663,CUST0831,Savings,19683.860000000004
ACC10001664,CUST0832,Checking,-17337.329999999998
ACC10001665,CUST0832,Savings,13898.919999999995
ACC10001666,CUST0833,Checking,3093.3700000000017
ACC10001668,CUST0834,Checking,-7739.4299999999985
ACC10001669,CUST0834,Savings,85753.30999999998
ACC10001670,CUST0835,Checking,53660.419999999984
ACC10001671,CUST0835,Savings,55256.99999999999
ACC10001672,CUST0836,Checking,-9911.769999999997
ACC10001673,CUST0836,Savings,85942.41
ACC10001674,CUST0837,Checking,78136.01
ACC10001675,CUST0837,Savings,35575.88000000001
ACC10001676,CUST0838,Checking,27143.159999999996
ACC10001677,CUST0838,Savings,54869.07000000001
ACC10001678,CUST0839,Checking,1507.98
ACC10001680,CUST0840,Checking,50040.90000000001
ACC10001681,CUST0840,Savings,47522.81
ACC10001682,CUST0841,Checking,64931.36000000001
ACC10001684,CUST0842,Checking,72656.76
ACC10001685,CUST0842,Savings,90788.73999999999
ACC10001686,CUST0843,Checking,30771.490000000005
ACC10001688,CUST0844,Checking,58989.65999999999
ACC10001689,CUST0844,Savings,72935.07
ACC10001690,CUST0845,Checking,57006.099999999984
ACC10001691,CUST0845,Savings,35101.58000000001
ACC10001692,CUST0846,Checking,70458.36999999998
ACC10001693,CUST0846,Savings,30162.260000000002
ACC10001694,CUST0847,Checking,3396.19
ACC10001696,CUST0848,Checking,108782.31999999998
ACC10001697,CUST0848,Savings,16644.210000000006
ACC10001698,CUST0849,Checking,-11274.56
ACC10001699,CUST0849,Savings,97652.21999999999
ACC10001700,CUST0850,Checking,36113.33
ACC10001701,CUST0850,Savings,67752.08
ACC10001702,CUST0851,Checking,41986.64
ACC10001703,CUST0851,Savings,499.66000000000247
ACC10001704,CUST0852,Checking,-6737.01
ACC10001706,CUST0853,Checking,-13217.139999999998
ACC10001707,CUST0853,Savings,91946.18999999997
ACC10001708,CUST0854,Checking,1972.68
ACC10001709,CUST0854,Savings,4927.5199999999995
ACC10001710,CUST0855,Checking,81184.29999999999
ACC10001711,CUST0855,Savings,34022.29000000001
ACC10001712,CUST0856,Checking,47798.31999999999
ACC10001713,CUST0856,Savings,21661.479999999996
ACC10001714,CUST0857,Checking,6055.8399999999965
ACC10001715,CUST0857,Savings,45271.759999999995
ACC10001716,CUST0858,Checking,6481.96
ACC10001717,CUST0858,Savings,42605.63999999999
ACC10001718,CUST0859,Checking,38722.16
ACC10001719,CUST0859,Savings,58716.43
ACC10001720,CUST0860,Checking,10465.169999999998
ACC10001721,CUST0860,Savings,80480.09000000001
ACC10001722,CUST0861,Checking,51937.17
ACC10001723,CUST0861,Savings,96854.00999999997
ACC10001724,CUST0862,Checking,-1506.7400000000002
ACC10001725,CUST0862,Savings,74319.12000000001
ACC10001726,CUST0863,Checking,-4326.85
ACC10001728,CUST0864,Checking,89270.08
ACC10001729,CUST0864,Savings,52525.49
ACC10001730,CUST0865,Checking,1613.8100000000002
ACC10001732,CUST0866,Checking,-10618.839999999997
ACC10001733,CUST0866,Savings,64536.33
ACC10001734,CUST0867,Checking,4817.349999999999
ACC10001735,CUST0867,Savings,7284.650000000001
ACC10001736,CUST0868,Checking,4250.2
ACC10001738,CUST0869,Checking,2946.5699999999993
ACC10001739,CUST0869,Savings,5078.070000000001
ACC10001740,CUST0870,Checking,92437.32999999997
ACC10001741,CUST0870,Savings,93277.89
ACC10001742,CUST0871,Checking,49223.58999999999
ACC10001743,CUST0871,Savings,16272.93
ACC10001744,CUST0872,Checking,41605.11
ACC10001745,CUST0872,Savings,31956.579999999998
ACC10001746,CUST0873,Checking,30960.140000000003
ACC10001747,CUST0873,Savings,51598.73999999999
ACC10001748,CUST0874,Checking,30345.870000000003
ACC10001749,CUST0874,Savings,21563.74000000001
ACC10001750,CUST0875,Checking,44082.39999999999
ACC10001751,CUST0875,Savings,4531.209999999999
ACC10001752,CUST0876,Checking,90746.76999999999
ACC10001753,CUST0876,Savings,71690.01
ACC10001754,CUST0877,Checking,38404.51
ACC10001756,CUST0878,Checking,49136.33999999999
ACC10001757,CUST0878,Savings,68683.38000000002
ACC10001758,CUST0879,Checking,470.3099999999999
ACC10001759,CUST0879,Savings,7815.7300000000005
ACC10001760,CUST0880,Checking,68411.64
ACC10001761,CUST0880,Savings,1943.1800000000007
ACC10001762,CUST0881,Checking,91027.46
ACC10001763,CUST0881,Savings,10536.210000000001
ACC10001764,CUST0882,Checking,45789.35
ACC10001765,CUST0882,Savings,50140.27999999999
ACC10001766,CUST0883,Checking,58627.729999999996
ACC10001767,CUST0883,Savings,71346.4
ACC10001768,CUST0884,Checking,13143.41
ACC10001769,CUST0884,Savings,69058.80999999998
ACC10001770,CUST0885,Checking,72921.76000000001
ACC10001771,CUST0885,Savings,50202.31999999998
ACC10001772,CUST0886,Checking,89828.06000000001
ACC10001773,CUST0886,Savings,32944.929999999986
ACC10001774,CUST0887,Checking,53865.729999999996
ACC10001775,CUST0887,Savings,57705.59999999999
ACC10001776,CUST0888,Checking,46391.350000000006
ACC10001778,CUST0889,Checking,-9907.589999999998
ACC10001780,CUST0890,Checking,80759.72
ACC10001781,CUST0890,Savings,12258.579999999996
ACC10001782,CUST0891,Checking,-27710.49
ACC10001784,CUST0892,Checking,70075.18000000001
ACC10001785,CUST0892,Savings,67882.69
ACC10001786,CUST0893,Checking,3115.3999999999996
ACC10001788,CUST0894,Checking,75365.57999999999
ACC10001789,CUST0894,Savings,48472.23000000001
ACC10001790,CUST0895,Checking,82521.18
ACC10001791,CUST0895,Savings,2371.9699999999993
ACC10001792,CUST0896,Checking,70172.28
ACC10001793,CUST0896,Savings,53256.31
ACC10001794,CUST0897,Checking,51470.310000000005
ACC10001795,CUST0897,Savings,35588.39999999997
ACC10001796,CUST0898,Checking,5881.049999999999
ACC10001798,CUST0899,Checking,74195.36000000002
ACC10001799,CUST0899,Savings,18559.71
ACC10001800,CUST0900,Checking,1570.4399999999998
ACC10001801,CUST0900,Savings,7371.850000000001
ACC10001802,CUST0901,Checking,61873.69
ACC10001803,CUST0901,Savings,54303.310000000005
ACC10001804,CUST0902,Checking,44115.630000000005
ACC10001805,CUST0902,Savings,39851.37000000002
ACC10001806,CUST0903,Checking,57130.689999999995
ACC10001807,CUST0903,Savings,37419.700000000004
ACC10001808,CUST0904,Checking,-12354.380000000003
ACC10001810,CUST0905,Checking,51904.990000000005
ACC10001811,CUST0905,Savings,58817.58000000001
ACC10001812,CUST0906,Checking,55346.909999999996
ACC10001813,CUST0906,Savings,43755.180000000015
ACC10001814,CUST0907,Checking,32574.510000000002
ACC10001816,CUST0908,Checking,80116.4
ACC10001817,CUST0908,Savings,63752.63999999998
ACC10001818,CUST0909,Checking,58301.47
ACC10001819,CUST0909,Savings,48625.43999999998
ACC10001820,CUST0910,Checking,90328.96
ACC10001821,CUST0910,Savings,76166.06999999999
ACC10001822,CUST0911,Checking,-12.589999999999463
ACC10001823,CUST0911,Savings,50662.33000000001
ACC10001824,CUST0912,Checking,63772.92000000001
ACC10001825,CUST0912,Savings,75981.96999999997
ACC10001826,CUST0913,Checking,58595.39999999998
ACC10001827,CUST0913,Savings,62702.73999999996
ACC10001828,CUST0914,Checking,-7192.980000000004
ACC10001829,CUST0914,Savings,18801.989999999983
ACC10001830,CUST0915,Checking,1346.9700000000012
ACC10001832,CUST0916,Checking,57898.62000000001
ACC10001833,CUST0916,Savings,75124.6
ACC10001834,CUST0917,Checking,62163.31999999999
ACC10001836,CUST0918,Checking,55931.92999999999
ACC10001837,CUST0918,Savings,21141.090000000004
ACC10001838,CUST0919,Checking,49372.54999999999
ACC10001840,CUST0920,Checking,70126.04
ACC10001841,CUST0920,Savings,51654.18000000001
ACC10001842,CUST0921,Checking,4381.28
ACC10001843,CUST0921,Savings,6185.779999999999
ACC10001844,CUST0922,Checking,-12294.630000000001
ACC10001846,CUST0923,Checking,72623.54000000002
ACC10001847,CUST0923,Savings,78287.11000000003
ACC10001848,CUST0924,Checking,35676.74999999999
ACC10001849,CUST0924,Savings,76525.76999999999
ACC10001850,CUST0925,Checking,4551.02
ACC10001852,CUST0926,Checking,-1671.5800000000022
ACC10001854,CUST0927,Checking,-13152.539999999997
ACC10001855,CUST0927,Savings,63242.98999999998
ACC10001856,CUST0928,Checking,72988.85999999999
ACC10001857,CUST0928,Savings,92993.69999999998
ACC10001858,CUST0929,Checking,-18342.309999999998
ACC10001859,CUST0929,Savings,62642.57999999998
ACC10001860,CUST0930,Checking,55415.909999999996
ACC10001861,CUST0930,Savings,85751.4
ACC10001862,CUST0931,Checking,47159.630000000005
ACC10001864,CUST0932,Checking,3516.3599999999997
ACC10001866,CUST0933,Checking,32349.87
ACC10001867,CUST0933,Savings,40973.8
ACC10001868,CUST0934,Checking,18435.36
ACC10001869,CUST0934,Savings,53488.68
ACC10001870,CUST0935,Checking,4217.169999999999
ACC10001872,CUST0936,Checking,41488.090000000004
ACC10001873,CUST0936,Savings,14418.170000000002
ACC10001874,CUST0937,Checking,3778.6000000000004
ACC10001876,CUST0938,Checking,70581.95999999999
ACC10001877,CUST0938,Savings,37567.75000000003
ACC10001878,CUST0939,Checking,-12695.810000000001
ACC10001879,CUST0939,Savings,57975.880000000005
ACC10001880,CUST0940,Checking,470.9300000000004
ACC10001881,CUST0940,Savings,17364.54
ACC10001882,CUST0941,Checking,-15704.769999999999
ACC10001883,CUST0941,Savings,91322.95000000006
ACC10001884,CUST0942,Checking,4828.11
ACC10001886,CUST0943,Checking,59129.04
ACC10001887,CUST0943,Savings,14413.400000000003
ACC10001888,CUST0944,Checking,701.9399999999988
ACC10001889,CUST0944,Savings,21076.420000000006
ACC10001890,CUST0945,Checking,5274.69
ACC10001892,CUST0946,Checking,21457.03
ACC10001893,CUST0946,Savings,66600.68000000001
ACC10001894,CUST0947,Checking,-16322.5
ACC10001895,CUST0947,Savings,3338.270000000001
ACC10001896,CUST0948,Checking,-4138.1900000000005
ACC10001897,CUST0948,Savings,37713.02
ACC10001898,CUST0949,Checking,61887.71000000001
ACC10001899,CUST0949,Savings,48004.00000000001
ACC10001900,CUST0950,Checking,55909.79000000001
ACC10001901,CUST0950,Savings,32963.24999999999
ACC10001902,CUST0951,Checking,-13744.149999999998
ACC10001904,CUST0952,Checking,63976.67
ACC10001905,CUST0952,Savings,92697.76000000005
ACC10001906,CUST0953,Checking,18656.189999999995
ACC10001907,CUST0953,Savings,31275.59
ACC10001908,CUST0954,Checking,69975.4
ACC10001909,CUST0954,Savings,65206.23000000001
ACC10001910,CUST0955,Checking,47453.88000000001
ACC10001911,CUST0955,Savings,84145.52
ACC10001912,CUST0956,Checking,77922.48999999999
ACC10001914,CUST0957,Checking,58070.13999999999
ACC10001915,CUST0957,Savings,11103.08
ACC10001916,CUST0958,Checking,-17204.0
ACC10001917,CUST0958,Savings,88796.99
ACC10001918,CUST0959,Checking,61028.93000000001
ACC10001920,CUST0960,Checking,67567.29
ACC10001922,CUST0961,Checking,66670.43
ACC10001923,CUST0961,Savings,73758.05999999995
ACC10001924,CUST0962,Checking,75131.59
ACC10001926,CUST0963,Checking,2508.1400000000003
ACC10001928,CUST0964,Checking,69873.76
ACC10001929,CUST0964,Savings,90231.25
ACC10001930,CUST0965,Checking,53946.860000000015
ACC10001931,CUST0965,Savings,46895.92
ACC10001932,CUST0966,Checking,81975.44
ACC10001933,CUST0966,Savings,34407.87
ACC10001934,CUST0967,Checking,32703.589999999997
ACC10001935,CUST0967,Savings,19152.699999999997
ACC10001936,CUST0968,Checking,4232.850000000002
ACC10001937,CUST0968,Savings,32552.70000000001
ACC10001938,CUST0969,Checking,50846.46000000001
ACC10001939,CUST0969,Savings,29022.309999999994
ACC10001940,CUST0970,Checking,37127.58000000001
ACC10001941,CUST0970,Savings,39978.29
ACC10001942,CUST0971,Checking,59871.47999999999
ACC10001943,CUST0971,Savings,72231.47
ACC10001944,CUST0972,Checking,811.94
ACC10001946,CUST0973,Checking,-8276.96
ACC10001948,CUST0974,Checking,50200.2
ACC10001949,CUST0974,Savings,54464.8
ACC10001950,CUST0975,Checking,45243.18
ACC10001951,CUST0975,Savings,65095.06000000001
ACC10001952,CUST0976,Checking,21595.709999999995
ACC10001954,CUST0977,Checking,36776.08999999999
ACC10001955,CUST0977,Savings,1158.7200000000003
ACC10001956,CUST0978,Checking,20356.059999999994
ACC10001957,CUST0978,Savings,63255.79999999998
ACC10001958,CUST0979,Checking,13699.65
ACC10001959,CUST0979,Savings,10777.19
ACC10001960,CUST0980,Checking,-9990.189999999999
ACC10001961,CUST0980,Savings,22730.780000000002
ACC10001962,CUST0981,Checking,69183.81999999999
ACC10001964,CUST0982,Checking,-21665.460000000006
ACC10001965,CUST0982,Savings,45059.21999999997
ACC10001966,CUST0983,Checking,32784.26000000001
ACC10001967,CUST0983,Savings,31574.32000000001
ACC10001968,CUST0984,Checking,2188.8
ACC10001970,CUST0985,Checking,56903.76
ACC10001971,CUST0985,Savings,41734.98000000001
ACC10001972,CUST0986,Checking,-532.73
ACC10001973,CUST0986,Savings,71425.40000000001
ACC10001974,CUST0987,Checking,3042.9700000000003
ACC10001976,CUST0988,Checking,63610.479999999996
ACC10001977,CUST0988,Savings,77019.02
ACC10001978,CUST0989,Checking,62851.40000000002
ACC10001979,CUST0989,Savings,26027.730000000007
ACC10001980,CUST0990,Checking,-67.70000000000005
ACC10001981,CUST0990,Savings,4461.57
ACC10001982,CUST0991,Checking,51770.41999999999
ACC10001983,CUST0991,Savings,34663.47999999998
ACC10001984,CUST0992,Checking,2844.98
ACC10001985,CUST0992,Savings,1523.88
ACC10001986,CUST0993,Checking,6763.330000000001
ACC10001987,CUST0993,Savings,12170.820000000003
ACC10001988,CUST0994,Checking,7326.140000000001
ACC10001989,CUST0994,Savings,74784.29999999999
ACC10001990,CUST0995,Checking,32328.99
ACC10001991,CUST0995,Savings,82277.93
ACC10001992,CUST0996,Checking,44802.49
ACC10001993,CUST0996,Savings,9079.610000000006
ACC10001994,CUST0997,Checking,78530.54999999999
ACC10001995,CUST0997,Savings,41835.229999999996
ACC10001996,CUST0998,Checking,78993.26000000001
ACC10001998,CUST0999,Checking,-4314.25
ACC10001999,CUST0999,Savings,76911.98000000003
ACC10002000,CUST1000,Checking,63121.12999999998
ACC10002001,CUST1000,Savings,6293.290000000001
