Customer_ID,Name,Income,Segment,Join_Date,State
CUST0001,Kevin Davis,144836,Business,2023-05-17,NY
CUST0002,Andrew Garcia,71543,Salary,2022-07-11,MA
CUST0003,Joseph Rivera,91192,Salary,2023-07-24,MA
CUST0004,George Ramirez,113076,Salary,2023-03-17,WA
CUST0005,William Thompson,108292,Business,2022-03-30,AZ
CUST0006,Anthony Garcia,13829,Student,2024-01-11,MI
CUST0007,Robert Nelson,22896,Student,2022-06-13,GA
CUST0008,Anthony Moore,158372,Business,2024-01-18,VA
CUST0009,George Baker,96526,Business,2022-12-17,TX
CUST0010,Karen Green,147128,Business,2022-04-25,GA
CUST0011,Karen Jones,38049,Retired,2023-10-07,OH
CUST0012,Carol Robinson,63357,Salary,2023-05-21,IL
CUST0013,Sandra Nguyen,81049,Salary,2022-10-11,CO
CUST0014,Elizabeth Martinez,5434,Student,2024-05-14,PA
CUST0015,Kenneth Robinson,20000,Retired,2022-01-24,NC
CUST0016,Ronald Moore,60943,Salary,2024-06-09,WA
CUST0017,Edward Taylor,49679,Salary,2022-08-06,PA
CUST0018,Kenneth Gonzalez,82856,Salary,2022-11-27,IL
CUST0019,John Hill,52299,Salary,2022-08-18,WA
CUST0020,Nancy Thomas,39692,Salary,2022-06-11,CA
CUST0021,Ronald Wright,111641,Salary,2024-08-31,IL
CUST0022,Kenneth Ramirez,41613,Retired,2023-02-16,OH
CUST0023,Betty Lewis,76688,Salary,2023-04-06,VA
CUST0024,Donna Anderson,39381,Salary,2022-05-01,NY
CUST0025,Lisa Jones,61390,Salary,2024-09-21,GA
CUST0026,Joshua Torres,77773,Salary,2024-08-26,NJ
CUST0027,Sandra Thompson,46225,Salary,2022-04-21,MA
CUST0028,William Brown,138785,Business,2022-08-12,CO
CUST0029,Sandra Lopez,59984,Salary,2022-06-04,NC
CUST0030,Emily Miller,105415,Business,2022-01-31,CA
CUST0031,Sarah Hernandez,59957,Salary,2023-03-14,MA
CUST0032,Richard Harris,72784,Retired,2023-06-28,NY
CUST0033,George Campbell,74663,Salary,2023-08-31,NJ
CUST0034,Patricia Mitchell,48557,Salary,2024-09-03,WA
CUST0035,Richard Brown,19113,Student,2022-05-21,TX
CUST0036,Sarah Sanchez,26687,Retired,2023-05-20,FL
CUST0037,Brian Nguyen,48133,Retired,2023-02-23,WA
CUST0038,David Nelson,30000,Salary,2022-05-29,MI
CUST0039,William Jones,41795,Salary,2022-09-29,OH
CUST0040,Sarah White,79922,Salary,2023-09-12,MI
CUST0041,Carol King,156923,Business,2023-09-06,NY
CUST0042,Charles Davis,128568,Business,2022-11-15,FL
CUST0043,Jessica Baker,72109,Salary,2023-05-30,NC
CUST0044,Jennifer Green,13494,Student,2022-04-01,MA
CUST0045,Kevin Taylor,46074,Business,2024-05-25,PA
CUST0046,George Martinez,11401,Student,2022-10-31,CA
CUST0047,Robert Thompson,96968,Business,2022-07-30,OH
CUST0048,Michelle Mitchell,60857,Retired,2023-04-30,IL
CUST0049,Susan Clark,83590,Salary,2023-11-12,NY
CUST0050,Deborah Thomas,30924,Salary,2022-08-10,NC
CUST0051,Joseph Robinson,83102,Salary,2023-04-12,AZ
CUST0052,Karen Jones,65373,Salary,2024-11-09,NC
CUST0053,Andrew Perez,58077,Salary,2023-06-19,NY
CUST0054,Charles Williams,90292,Salary,2023-12-09,FL
CUST0055,Paul Davis,20155,Student,2023-01-25,CO
CUST0056,John King,98282,Salary,2022-05-24,OH
CUST0057,Michelle Lee,78039,Business,2023-09-08,FL
CUST0058,George Jackson,67270,Salary,2024-02-16,IL
CUST0059,Michelle Torres,83282,Salary,2022-01-01,MI
CUST0060,Kenneth Adams,99389,Salary,2024-06-24,WA
CUST0061,Deborah Hernandez,63021,Salary,2023-11-18,TX
CUST0062,Sarah Baker,70359,Salary,2023-02-12,MI
CUST0063,Michelle Roberts,47342,Salary,2023-02-03,TX
CUST0064,Barbara Adams,9019,Student,2022-08-07,NY
CUST0065,George King,95313,Salary,2023-05-26,VA
CUST0066,Ashley Nelson,65344,Retired,2024-06-25,WA
CUST0067,Emily Lewis,116399,Business,2024-08-30,PA
CUST0068,Karen Roberts,170177,Business,2023-07-17,NJ
CUST0069,Lisa Lee,84041,Salary,2023-04-19,TX
CUST0070,Mark Clark,58872,Salary,2024-05-01,WA
CUST0071,Anthony Roberts,16807,Student,2024-02-19,NY
CUST0072,Nancy Carter,22690,Student,2024-05-08,CO
CUST0073,Kenneth Anderson,74104,Salary,2024-06-11,NJ
CUST0074,Margaret Campbell,22823,Student,2022-09-19,PA
CUST0075,Margaret Nguyen,30000,Salary,2024-05-27,NY
CUST0076,Anthony Lee,95548,Salary,2023-11-23,OH
CUST0077,Mark Taylor,77176,Salary,2022-04-17,TX
CUST0078,Stephanie Adams,13505,Student,2023-05-22,CA
CUST0079,David Walker,77294,Salary,2023-03-23,FL
CUST0080,Kenneth Hill,5062,Student,2022-12-02,FL
CUST0081,Nancy Torres,69508,Salary,2023-02-11,CO
CUST0082,William Hall,16786,Student,2022-09-05,MI
CUST0083,Robert Thompson,193895,Business,2022-05-22,MA
CUST0084,Dorothy Miller,37226,Retired,2024-07-30,MA
CUST0085,Carol Moore,54788,Salary,2023-07-04,NJ
CUST0086,Karen Lewis,12491,Student,2024-02-16,GA
CUST0087,Daniel Lopez,97885,Salary,2023-06-14,NJ
CUST0088,George Moore,83219,Salary,2023-01-27,NY
CUST0089,Ronald Thomas,93512,Business,2024-10-02,NJ
CUST0090,Margaret Hall,87832,Salary,2024-01-26,GA
CUST0091,Deborah Scott,77427,Salary,2024-07-18,WA
CUST0092,Joseph Lee,168432,Business,2023-01-15,FL
CUST0093,Donna Carter,34469,Retired,2023-02-02,MI
CUST0094,Melissa Wright,66808,Salary,2022-04-22,IL
CUST0095,Ronald Young,13039,Student,2023-08-06,FL
CUST0096,Susan Brown,23047,Retired,2024-09-05,NC
CUST0097,Joshua Green,82403,Salary,2023-09-15,CA
CUST0098,Mark Hill,16305,Student,2024-02-19,GA
CUST0099,Donna Ramirez,75128,Salary,2022-05-04,MI
CUST0100,Jessica Green,69135,Salary,2022-06-16,OH
CUST0101,John Clark,49231,Business,2024-08-20,VA
CUST0102,George Robinson,98968,Business,2023-06-26,TX
CUST0103,Joseph Ramirez,66432,Salary,2022-11-02,FL
CUST0104,Michael Brown,10989,Student,2023-08-15,PA
CUST0105,Nancy Hall,42581,Retired,2024-10-21,CO
CUST0106,Sandra Mitchell,140203,Business,2022-02-22,WA
CUST0107,Joshua Nguyen,73293,Retired,2023-07-06,NY
CUST0108,Kimberly Adams,47619,Retired,2023-01-07,VA
CUST0109,Jennifer Walker,81439,Salary,2023-10-20,AZ
CUST0110,Lisa Clark,73139,Salary,2024-03-31,NJ
CUST0111,Daniel Taylor,30000,Salary,2024-04-07,WA
CUST0112,John Nelson,74337,Salary,2023-01-20,VA
CUST0113,Donald Carter,76506,Salary,2022-09-26,CA
CUST0114,Elizabeth Johnson,243162,Business,2023-09-29,GA
CUST0115,Elizabeth Robinson,110382,Business,2022-11-12,FL
CUST0116,Karen Clark,49523,Retired,2023-05-15,NJ
CUST0117,Kenneth Allen,14826,Student,2023-07-20,IL
CUST0118,Lisa Allen,9157,Student,2023-08-03,NC
CUST0119,Donna Nelson,20714,Student,2024-07-03,NJ
CUST0120,Emily Carter,93798,Salary,2023-10-22,CO
CUST0121,Sarah Torres,94776,Salary,2024-04-21,CO
CUST0122,Anthony Harris,52265,Salary,2022-03-17,IL
CUST0123,Lisa Miller,110070,Salary,2024-07-24,VA
CUST0124,Barbara Jones,7991,Student,2023-06-27,NJ
CUST0125,Carol Garcia,17934,Student,2024-12-28,WA
CUST0126,Melissa Carter,25952,Student,2022-03-15,NJ
CUST0127,Amanda Jackson,70473,Business,2024-06-07,GA
CUST0128,William Lewis,91685,Business,2022-03-01,PA
CUST0129,Betty Ramirez,77491,Salary,2024-04-23,IL
CUST0130,Jennifer Flores,94826,Business,2023-05-09,CO
CUST0131,Kevin Taylor,36233,Salary,2022-01-20,VA
CUST0132,Andrew Hernandez,76714,Salary,2023-12-09,TX
CUST0133,George Taylor,9688,Student,2023-02-12,VA
CUST0134,William Thomas,86840,Salary,2023-08-29,CO
CUST0135,Brian Sanchez,52014,Salary,2022-04-11,NC
CUST0136,Christopher Roberts,197497,Business,2023-12-23,GA
CUST0137,Ronald Campbell,80837,Business,2022-03-22,IL
CUST0138,Edward Rodriguez,40169,Retired,2023-11-01,TX
CUST0139,Andrew White,19068,Student,2023-06-11,NC
CUST0140,Christopher Mitchell,8846,Student,2024-08-17,WA
CUST0141,Amanda Campbell,48412,Retired,2024-01-20,CO
CUST0142,Elizabeth Robinson,185357,Business,2023-06-21,AZ
CUST0143,Betty Miller,34813,Salary,2023-11-03,GA
CUST0144,Ashley Hall,129232,Business,2022-08-27,MI
CUST0145,Nancy Young,81497,Salary,2022-10-05,FL
CUST0146,George Wright,94546,Salary,2022-11-13,MA
CUST0147,Michelle Clark,44076,Salary,2024-01-29,NC
CUST0148,Betty Miller,41989,Salary,2024-01-05,AZ
CUST0149,Ashley Garcia,146097,Business,2022-02-13,OH
CUST0150,Joshua Wilson,16485,Student,2023-03-01,TX
CUST0151,Thomas Perez,16252,Student,2022-01-06,IL
CUST0152,David Wright,16732,Student,2022-08-14,NC
CUST0153,Sarah Nguyen,57999,Salary,2023-06-28,WA
CUST0154,Deborah Jones,80806,Salary,2024-01-12,NJ
CUST0155,Michelle Williams,82327,Salary,2022-03-05,MI
CUST0156,Amanda Miller,84282,Business,2024-06-27,NJ
CUST0157,Michael Rodriguez,213289,Business,2023-10-28,NC
CUST0158,Paul Hill,86846,Salary,2022-08-23,MA
CUST0159,Edward Wilson,45217,Salary,2023-04-13,MA
CUST0160,Margaret Clark,91414,Salary,2023-10-03,FL
CUST0161,Steven Jones,10127,Student,2022-07-10,TX
CUST0162,Betty Rodriguez,94677,Salary,2023-11-07,CA
CUST0163,Ronald Ramirez,62379,Retired,2023-10-02,CA
CUST0164,Brian Walker,10897,Student,2023-12-19,GA
CUST0165,Ronald Moore,19817,Student,2022-02-23,GA
CUST0166,George Moore,85320,Salary,2023-09-25,NY
CUST0167,Barbara Torres,95552,Salary,2022-03-04,CO
CUST0168,Ashley Perez,122420,Salary,2023-10-27,PA
CUST0169,Patricia Martinez,13773,Student,2022-04-12,PA
CUST0170,Brian Ramirez,82313,Business,2024-04-28,NJ
CUST0171,Sandra Davis,75524,Business,2024-09-23,MI
CUST0172,Kenneth Brown,54605,Salary,2023-03-09,NY
CUST0173,Elizabeth Smith,116145,Business,2022-12-26,NJ
CUST0174,Emily Nelson,83529,Salary,2022-03-28,AZ
CUST0175,Daniel Torres,81917,Salary,2024-05-05,MA
CUST0176,Richard Flores,19136,Student,2024-01-12,VA
CUST0177,Sarah Ramirez,75325,Salary,2024-03-21,CO
CUST0178,Stephanie Hernandez,111338,Salary,2022-08-22,TX
CUST0179,Matthew Campbell,68384,Salary,2022-10-27,IL
CUST0180,Ronald Adams,143004,Salary,2024-10-08,TX
CUST0181,Amanda Torres,18128,Student,2023-10-10,WA
CUST0182,Nancy Moore,53571,Salary,2022-06-01,CA
CUST0183,Christopher Jones,66455,Business,2024-11-04,TX
CUST0184,Deborah Williams,52237,Retired,2023-01-21,VA
CUST0185,Patricia Lewis,13883,Student,2023-12-05,FL
CUST0186,Robert Thomas,55710,Retired,2024-12-09,VA
CUST0187,Christopher Harris,17366,Student,2022-04-18,MA
CUST0188,Michael Perez,73179,Salary,2024-03-02,FL
CUST0189,Kenneth Martinez,53830,Salary,2022-10-17,WA
CUST0190,Brian Sanchez,37129,Salary,2022-06-23,IL
CUST0191,David Nelson,97674,Business,2024-05-17,TX
CUST0192,Jessica Perez,96410,Salary,2022-10-09,NJ
CUST0193,Paul Roberts,130705,Business,2022-09-26,CA
CUST0194,George Roberts,57713,Business,2022-03-31,PA
CUST0195,Donald Flores,15866,Student,2024-07-08,MI
CUST0196,Steven Gonzalez,139266,Business,2024-06-21,AZ
CUST0197,Kimberly Clark,10581,Student,2022-10-11,PA
CUST0198,Betty Scott,127686,Business,2024-11-22,FL
CUST0199,Karen Lewis,15291,Student,2022-07-07,IL
CUST0200,Donald Thompson,46426,Salary,2024-03-22,NY
CUST0201,Betty Anderson,83945,Salary,2022-07-22,NY
CUST0202,David Williams,53412,Retired,2024-08-25,MI
CUST0203,Donald Flores,61246,Retired,2022-02-08,NY
CUST0204,Emily Campbell,101345,Salary,2023-08-14,MA
CUST0205,Kevin Flores,40558,Salary,2024-10-20,VA
CUST0206,Sarah Rivera,51554,Salary,2022-01-04,IL
CUST0207,Brian Nelson,87876,Salary,2024-01-09,TX
CUST0208,Paul Scott,87845,Salary,2024-08-20,NY
CUST0209,Deborah Johnson,17575,Student,2023-12-08,AZ
CUST0210,William Roberts,171318,Salary,2023-12-23,WA
CUST0211,Susan Roberts,53563,Retired,2024-09-07,VA
CUST0212,Michael Rivera,103389,Salary,2023-02-17,VA
CUST0213,Nancy Allen,59310,Retired,2024-08-27,CO
CUST0214,Matthew Roberts,18257,Student,2023-11-11,CA
CUST0215,Sandra Sanchez,13424,Student,2024-03-02,VA
CUST0216,Betty King,18795,Student,2024-05-19,NC
CUST0217,Susan Wright,55679,Salary,2022-06-13,MI
CUST0218,Melissa Ramirez,108159,Business,2023-12-21,PA
CUST0219,Michelle Ramirez,95732,Business,2022-04-28,NC
CUST0220,Deborah Baker,46228,Retired,2022-10-20,PA
CUST0221,David Jones,26573,Student,2024-01-21,GA
CUST0222,Robert Hill,40000,Business,2024-01-30,IL
CUST0223,Kimberly White,92157,Salary,2023-07-25,CO
CUST0224,Dorothy King,20809,Retired,2022-08-30,CO
CUST0225,Michelle Jackson,63202,Salary,2022-10-05,NJ
CUST0226,Donald Garcia,174448,Business,2022-05-13,WA
CUST0227,Richard Rivera,15321,Student,2024-11-07,PA
CUST0228,David Thomas,48056,Salary,2024-01-26,NJ
CUST0229,David Flores,57117,Salary,2024-03-26,TX
CUST0230,Stephanie Clark,91990,Salary,2023-10-12,TX
CUST0231,Matthew Rodriguez,11348,Student,2022-09-22,PA
CUST0232,Patricia Davis,80411,Salary,2022-11-28,IL
CUST0233,Kimberly Jackson,76139,Salary,2023-07-17,TX
CUST0234,Paul Adams,58710,Salary,2022-11-12,PA
CUST0235,Lisa Torres,25720,Student,2022-02-28,CA
CUST0236,Stephanie Torres,151696,Business,2024-05-03,NC
CUST0237,Andrew Jackson,30000,Salary,2024-04-11,MI
CUST0238,Donald Clark,79661,Salary,2023-11-28,NJ
CUST0239,Edward Thompson,58455,Salary,2024-01-29,CO
CUST0240,Elizabeth Moore,96311,Salary,2022-07-18,VA
CUST0241,Michelle Clark,33112,Retired,2022-11-24,GA
CUST0242,Edward Lee,14426,Student,2024-10-17,OH
CUST0243,Nancy Young,87625,Salary,2024-03-16,NY
CUST0244,Jessica Nguyen,96644,Salary,2023-07-31,AZ
CUST0245,Carol Baker,44993,Salary,2022-01-17,NJ
CUST0246,Edward White,66637,Salary,2024-03-31,CO
CUST0247,Christopher Jones,63126,Salary,2023-07-27,CO
CUST0248,David Miller,58667,Salary,2023-11-26,CO
CUST0249,Kenneth Allen,119136,Salary,2022-04-03,CO
CUST0250,Kimberly Robinson,140249,Business,2024-11-21,IL
CUST0251,Daniel Hernandez,26087,Retired,2023-09-05,CO
CUST0252,Dorothy Rivera,97947,Salary,2022-02-04,MI
CUST0253,Donna Martin,128054,Salary,2023-06-28,NY
CUST0254,Joshua Anderson,100812,Salary,2022-12-16,CA
CUST0255,Anthony Martinez,37016,Salary,2022-08-14,GA
CUST0256,Mark Hall,62894,Salary,2024-08-23,OH
CUST0257,David King,106673,Salary,2024-09-06,OH
CUST0258,Andrew Perez,84617,Business,2023-06-26,AZ
CUST0259,Emily Martin,51657,Retired,2023-09-02,GA
CUST0260,Dorothy Lee,94366,Salary,2023-07-15,NJ
CUST0261,Margaret Thompson,51827,Salary,2023-08-13,IL
CUST0262,Carol Taylor,73512,Salary,2023-07-10,NJ
CUST0263,Michelle Mitchell,30000,Salary,2024-12-23,GA
CUST0264,Lisa Rivera,49390,Salary,2022-10-09,NJ
CUST0265,Mark Adams,68686,Salary,2023-02-13,NJ
CUST0266,Patricia Roberts,57611,Business,2023-04-21,TX
CUST0267,Susan Clark,69486,Retired,2022-03-16,PA
CUST0268,Deborah Jackson,39246,Salary,2022-08-08,CA
CUST0269,Carol Wright,12800,Student,2022-10-02,NJ
CUST0270,Joseph Davis,78269,Salary,2024-07-28,WA
CUST0271,Lisa Jackson,111032,Salary,2024-04-10,OH
CUST0272,Brian Miller,23462,Retired,2024-09-04,PA
CUST0273,Sarah Lewis,62447,Retired,2023-09-11,NC
CUST0274,Betty Hall,75256,Salary,2022-08-31,GA
CUST0275,Melissa Roberts,70925,Business,2023-08-28,MI
CUST0276,Steven Martinez,143105,Business,2024-02-05,VA
CUST0277,Andrew Nelson,15995,Student,2022-06-17,OH
CUST0278,Betty Jones,59995,Salary,2024-11-01,FL
CUST0279,Kimberly Lewis,123490,Business,2024-09-28,FL
CUST0280,Ashley Rodriguez,65367,Salary,2022-04-29,MA
CUST0281,Mary Sanchez,15568,Student,2023-03-23,NC
CUST0282,Michael Wright,54932,Retired,2022-05-22,CA
CUST0283,Susan Roberts,22930,Student,2024-05-10,IL
CUST0284,Donald Harris,44055,Salary,2022-09-30,CO
CUST0285,Andrew Sanchez,226652,Business,2023-04-02,IL
CUST0286,Ashley Baker,30000,Salary,2023-04-16,MA
CUST0287,Edward Carter,71205,Salary,2024-05-08,FL
CUST0288,Mary Thomas,89708,Salary,2022-03-10,OH
CUST0289,Sarah Mitchell,82025,Salary,2023-04-25,CA
CUST0290,David Allen,59433,Salary,2023-10-16,MI
CUST0291,Sarah Martin,41878,Retired,2024-12-03,IL
CUST0292,Donna Mitchell,95350,Business,2024-05-24,PA
CUST0293,Carol Nelson,12053,Student,2023-10-15,CO
CUST0294,Nancy Harris,19248,Student,2024-08-27,PA
CUST0295,Melissa Martinez,50355,Retired,2024-04-25,VA
CUST0296,Sarah Taylor,57677,Salary,2022-06-11,OH
CUST0297,Jennifer Wright,97490,Salary,2024-02-12,OH
CUST0298,Joseph Carter,82682,Salary,2023-11-13,OH
CUST0299,Jessica Gonzalez,160643,Business,2024-09-07,FL
CUST0300,Margaret Thomas,18148,Student,2024-02-19,WA
CUST0301,Nancy Taylor,54275,Salary,2024-10-15,AZ
CUST0302,Edward Walker,36597,Retired,2024-01-30,WA
CUST0303,Deborah Martinez,93682,Salary,2024-05-05,NY
CUST0304,Joshua Thomas,90259,Salary,2023-11-23,NJ
CUST0305,Edward Adams,74477,Salary,2023-12-23,NJ
CUST0306,Andrew Adams,77933,Salary,2022-06-02,CA
CUST0307,Mark Rodriguez,106942,Salary,2022-11-06,GA
CUST0308,Michelle Green,90421,Business,2022-02-02,NJ
CUST0309,Kimberly Campbell,88677,Salary,2023-08-11,NC
CUST0310,Amanda Ramirez,69945,Salary,2022-07-17,PA
CUST0311,Charles Thompson,13912,Student,2022-06-11,NC
CUST0312,Joshua Thomas,102469,Salary,2022-06-15,GA
CUST0313,Ronald Williams,95635,Salary,2024-02-12,TX
CUST0314,Richard Garcia,19068,Student,2023-11-10,NJ
CUST0315,William King,107637,Salary,2024-08-31,CA
CUST0316,Amanda Moore,75525,Salary,2023-10-07,CA
CUST0317,Melissa Sanchez,92049,Salary,2023-05-08,TX
CUST0318,Amanda Wright,67243,Salary,2022-10-14,WA
CUST0319,Deborah Thompson,83104,Salary,2023-04-21,CA
CUST0320,Kenneth Sanchez,71746,Salary,2023-07-14,WA
CUST0321,Emily Harris,77425,Salary,2024-02-18,MA
CUST0322,Melissa Jones,89879,Salary,2024-02-18,TX
CUST0323,Daniel White,54544,Salary,2023-09-24,FL
CUST0324,Jennifer Lopez,127310,Salary,2024-11-15,MA
CUST0325,Jennifer Hill,9970,Student,2022-01-26,WA
CUST0326,Jennifer Campbell,44645,Salary,2022-12-14,GA
CUST0327,Karen Young,103953,Salary,2024-06-09,IL
CUST0328,Betty Taylor,159583,Business,2024-10-12,GA
CUST0329,Nancy Smith,90603,Salary,2024-02-18,CO
CUST0330,Carol Hill,90709,Salary,2023-02-16,IL
CUST0331,Daniel Jackson,44816,Retired,2023-05-12,NJ
CUST0332,Betty Davis,52569,Salary,2023-01-04,OH
CUST0333,Ashley Rivera,76895,Salary,2023-08-20,OH
CUST0334,Mark Baker,58071,Salary,2023-09-13,NJ
CUST0335,Anthony Jones,59627,Retired,2024-09-08,VA
CUST0336,George Clark,14265,Student,2024-01-07,CA
CUST0337,Kenneth Green,54363,Salary,2023-05-24,TX
CUST0338,Robert Torres,40179,Retired,2023-11-11,CO
CUST0339,Charles Anderson,85323,Salary,2024-03-12,GA
CUST0340,Barbara Thompson,60907,Salary,2023-08-29,NY
CUST0341,Elizabeth Campbell,54444,Salary,2023-12-04,IL
CUST0342,Steven Miller,132184,Business,2024-07-15,VA
CUST0343,Elizabeth Johnson,132248,Business,2022-12-03,WA
CUST0344,Emily Hernandez,62326,Salary,2024-08-04,WA
CUST0345,Kevin Nelson,63224,Salary,2023-02-09,MA
CUST0346,Jessica Wilson,16160,Student,2022-05-09,NC
CUST0347,Andrew Lopez,38798,Salary,2024-07-26,AZ
CUST0348,Kevin Lee,49627,Business,2022-08-22,CO
CUST0349,Michelle Lopez,34223,Retired,2022-06-23,MI
CUST0350,Elizabeth Lopez,109328,Business,2024-11-12,AZ
CUST0351,Sandra Lopez,135545,Business,2022-12-21,NJ
CUST0352,Daniel Lewis,22377,Student,2022-01-20,CA
CUST0353,Emily Allen,96441,Salary,2024-10-04,NJ
CUST0354,Dorothy Hernandez,71002,Salary,2023-03-28,TX
CUST0355,Richard Roberts,74525,Salary,2024-10-11,VA
CUST0356,Stephanie Wright,49937,Salary,2022-03-27,AZ
CUST0357,Sandra Miller,74537,Salary,2022-03-08,GA
CUST0358,Donald Davis,67784,Salary,2023-12-20,GA
CUST0359,Michelle Rodriguez,16614,Student,2022-05-02,OH
CUST0360,Kenneth Wright,54319,Salary,2023-08-23,PA
CUST0361,Amanda Miller,52790,Retired,2024-04-22,IL
CUST0362,Carol Rodriguez,113318,Salary,2023-10-22,IL
CUST0363,Dorothy Martinez,114562,Business,2024-02-08,NC
CUST0364,Jennifer Sanchez,140086,Business,2024-01-26,NC
CUST0365,Stephanie Campbell,154507,Business,2024-07-27,TX
CUST0366,Andrew Sanchez,38982,Retired,2023-03-10,OH
CUST0367,Emily Torres,80602,Salary,2024-09-20,IL
CUST0368,Ronald Brown,75315,Salary,2024-07-30,CA
CUST0369,Richard Lewis,77442,Salary,2024-05-26,VA
CUST0370,Carol Martin,11135,Student,2023-07-16,PA
CUST0371,Jennifer White,75613,Salary,2023-09-18,PA
CUST0372,Jennifer Rivera,87450,Salary,2024-09-03,FL
CUST0373,Donald Smith,192557,Business,2022-09-04,NY
CUST0374,Michael Anderson,98982,Salary,2022-07-29,CO
CUST0375,Anthony Roberts,227659,Business,2022-10-20,IL
CUST0376,Richard Lewis,81633,Business,2022-11-07,AZ
CUST0377,Jessica Garcia,96808,Salary,2022-09-10,FL
CUST0378,Daniel Rodriguez,79584,Salary,2022-06-22,GA
CUST0379,Christopher Roberts,25949,Student,2023-09-10,NY
CUST0380,Joseph Mitchell,54793,Salary,2022-04-22,CO
CUST0381,Anthony Davis,54007,Salary,2022-05-26,GA
CUST0382,Betty Lee,60015,Salary,2024-05-11,IL
CUST0383,Stephanie Jones,30000,Salary,2022-01-29,NY
CUST0384,Margaret Allen,93712,Business,2024-10-23,MI
CUST0385,Kevin Wright,56022,Salary,2023-09-27,IL
CUST0386,Barbara Wright,78760,Salary,2022-05-16,WA
CUST0387,Sarah Brown,83544,Salary,2024-06-08,GA
CUST0388,Brian Mitchell,121904,Salary,2022-10-09,PA
CUST0389,Kimberly King,98761,Salary,2022-09-17,NC
CUST0390,Edward Davis,60577,Salary,2024-05-29,NY
CUST0391,Joshua Green,52540,Salary,2024-11-12,TX
CUST0392,Betty Hernandez,17460,Student,2022-08-25,NC
CUST0393,Robert Smith,41994,Salary,2024-01-16,GA
CUST0394,Robert Scott,120786,Salary,2023-05-24,MA
CUST0395,Michael Torres,104486,Salary,2022-04-18,AZ
CUST0396,Robert Sanchez,12654,Student,2023-08-02,TX
CUST0397,Jennifer Scott,32172,Salary,2023-02-15,VA
CUST0398,Sarah Robinson,108847,Salary,2024-10-07,AZ
CUST0399,Andrew Carter,72137,Salary,2024-04-19,GA
CUST0400,George Smith,105945,Salary,2024-02-10,WA
CUST0401,Kimberly Thomas,35139,Salary,2022-05-03,MA
CUST0402,Robert Anderson,90031,Business,2024-02-02,MA
CUST0403,Paul Rodriguez,75131,Salary,2022-05-08,CO
CUST0404,Sarah Jackson,15235,Student,2024-03-15,NC
CUST0405,Daniel Lewis,63748,Salary,2023-02-20,NC
CUST0406,William Hernandez,90571,Salary,2024-04-12,VA
CUST0407,Donald Martin,48309,Salary,2022-09-03,VA
CUST0408,Nancy Rivera,71441,Salary,2023-11-03,CA
CUST0409,Margaret Allen,126015,Business,2023-06-17,CA
CUST0410,Donald Scott,87861,Salary,2022-07-28,GA
CUST0411,Stephanie Anderson,92790,Salary,2024-03-31,IL
CUST0412,Donna Nguyen,28130,Retired,2022-06-03,NC
CUST0413,Donald Rodriguez,21988,Retired,2023-11-11,TX
CUST0414,Patricia Hernandez,21388,Student,2024-03-19,MA
CUST0415,Sandra Lopez,83308,Salary,2023-01-19,AZ
CUST0416,Michelle Flores,82576,Business,2024-10-18,GA
CUST0417,Karen Harris,113779,Salary,2024-12-12,IL
CUST0418,Andrew Johnson,15578,Student,2024-01-06,CO
CUST0419,Matthew Torres,104482,Salary,2023-01-04,WA
CUST0420,Stephanie Moore,15338,Student,2024-08-24,CA
CUST0421,Thomas Hernandez,126519,Salary,2023-05-09,FL
CUST0422,Deborah Brown,118884,Salary,2024-03-06,GA
CUST0423,Susan Lopez,68776,Salary,2024-01-05,GA
CUST0424,Joshua Torres,99289,Salary,2023-01-21,IL
CUST0425,Dorothy Wright,91134,Salary,2022-03-19,MI
CUST0426,Kimberly Walker,109216,Salary,2023-02-17,NY
CUST0427,Daniel Brown,50877,Salary,2022-10-18,NY
CUST0428,Betty Jones,154303,Business,2024-03-21,AZ
CUST0429,Richard Campbell,20292,Student,2024-09-24,MA
CUST0430,George Flores,31032,Salary,2022-12-26,AZ
CUST0431,Susan Campbell,27251,Retired,2024-03-12,NY
CUST0432,Susan Hill,20000,Retired,2023-03-29,WA
CUST0433,Lisa Mitchell,68265,Salary,2023-10-17,TX
CUST0434,Jennifer Rivera,92939,Salary,2023-06-28,WA
CUST0435,William Campbell,112559,Salary,2024-06-16,NY
CUST0436,Mark Young,76852,Salary,2024-02-08,CO
CUST0437,Carol Carter,115715,Salary,2022-05-31,GA
CUST0438,Charles Miller,40497,Salary,2024-02-08,TX
CUST0439,Jennifer Perez,40000,Business,2024-06-02,NJ
CUST0440,Richard Brown,73611,Salary,2023-01-25,FL
CUST0441,Andrew Taylor,84602,Salary,2022-07-16,MI
CUST0442,Barbara Brown,74183,Salary,2022-06-29,AZ
CUST0443,Joseph Miller,30000,Salary,2023-08-21,NY
CUST0444,Margaret Walker,14554,Student,2023-06-27,NJ
CUST0445,Susan White,42388,Salary,2024-07-01,CO
CUST0446,Karen Torres,91742,Salary,2022-07-18,CA
CUST0447,Ronald Nguyen,84165,Salary,2024-03-03,GA
CUST0448,Steven Torres,51503,Salary,2022-06-11,GA
CUST0449,Robert Allen,62153,Salary,2024-07-08,IL
CUST0450,Jessica Gonzalez,48520,Salary,2022-06-10,IL
CUST0451,Kevin Martinez,73433,Salary,2022-05-18,NC
CUST0452,Karen King,59327,Retired,2022-01-26,VA
CUST0453,Mark Davis,50357,Salary,2022-07-25,MA
CUST0454,Christopher Wright,17520,Student,2023-06-25,AZ
CUST0455,Kenneth Walker,61744,Salary,2024-04-05,CA
CUST0456,Robert Sanchez,80356,Business,2022-04-11,WA
CUST0457,Betty Johnson,14465,Student,2023-09-13,WA
CUST0458,George Baker,29471,Retired,2023-04-12,FL
CUST0459,Donald Roberts,61159,Salary,2024-05-03,WA
CUST0460,Mark Mitchell,9011,Student,2024-02-05,NJ
CUST0461,Richard Jones,218236,Business,2024-04-06,MI
CUST0462,Joshua Johnson,75882,Salary,2023-02-16,PA
CUST0463,Betty Rivera,57507,Salary,2024-08-08,OH
CUST0464,Mary Thomas,80349,Salary,2024-07-02,AZ
CUST0465,Donna Scott,72192,Salary,2023-06-14,AZ
CUST0466,Anthony Brown,13895,Student,2023-03-15,PA
CUST0467,Amanda Wilson,150708,Business,2024-11-17,NC
CUST0468,John Walker,157875,Business,2022-01-18,IL
CUST0469,Melissa Rivera,61737,Salary,2024-02-11,NC
CUST0470,Nancy Baker,60605,Salary,2022-01-16,CO
CUST0471,Betty Scott,68124,Salary,2022-08-10,MI
CUST0472,Daniel Moore,40000,Business,2023-09-04,NC
CUST0473,Patricia Hill,44240,Business,2022-10-14,CO
CUST0474,Charles Clark,109172,Salary,2022-03-14,CO
CUST0475,Joseph Perez,202248,Business,2024-09-01,GA
CUST0476,Richard Nelson,68774,Salary,2024-08-22,PA
CUST0477,Ronald Lopez,148828,Business,2023-04-01,WA
CUST0478,Lisa White,82781,Salary,2024-08-07,NC
CUST0479,Donna Nguyen,151972,Salary,2023-02-03,TX
CUST0480,Anthony King,102989,Salary,2022-11-05,MI
CUST0481,Joshua Robinson,71802,Salary,2023-01-05,IL
CUST0482,Susan Lee,51111,Salary,2023-07-15,CA
CUST0483,Richard Young,34839,Salary,2024-06-07,TX
CUST0484,Anthony Smith,80087,Salary,2024-02-04,CA
CUST0485,Ronald King,56091,Salary,2022-01-09,OH
CUST0486,Matthew Martin,39444,Salary,2024-10-27,IL
CUST0487,Nancy Jackson,87671,Business,2024-12-09,VA
CUST0488,David Perez,47961,Salary,2023-01-21,NJ
CUST0489,Margaret Johnson,117179,Salary,2022-09-26,GA
CUST0490,Elizabeth White,97041,Salary,2023-06-08,CA
CUST0491,Patricia Nelson,119601,Business,2022-02-10,FL
CUST0492,Elizabeth Scott,111999,Salary,2022-11-10,NC
CUST0493,Mark Nelson,123868,Business,2023-07-07,FL
CUST0494,William Allen,53468,Salary,2022-08-06,FL
CUST0495,Kimberly Gonzalez,196156,Business,2023-08-28,AZ
CUST0496,George Walker,88473,Salary,2022-01-27,WA
CUST0497,Joshua Nelson,49069,Salary,2022-07-04,NJ
CUST0498,Charles Adams,70242,Salary,2023-08-30,GA
CUST0499,Robert Jackson,10622,Student,2023-10-03,AZ
CUST0500,Robert Smith,50860,Business,2022-12-16,IL
CUST0501,Michelle Moore,98154,Salary,2023-12-03,TX
CUST0502,Karen Harris,24547,Student,2022-12-08,NJ
CUST0503,Patricia Hernandez,40036,Salary,2024-09-15,FL
CUST0504,Anthony Roberts,148148,Business,2022-09-25,AZ
CUST0505,Donald Williams,58734,Salary,2023-10-06,TX
CUST0506,Kimberly Roberts,37693,Retired,2023-11-24,GA
CUST0507,Sandra Nelson,60190,Salary,2024-02-28,GA
CUST0508,Michelle Brown,76800,Business,2022-11-18,NY
CUST0509,Richard Jones,76213,Salary,2023-11-09,NJ
CUST0510,Carol Harris,10845,Student,2022-06-11,CO
CUST0511,Donald Garcia,81761,Salary,2022-09-01,NJ
CUST0512,Margaret Clark,73744,Salary,2022-01-01,CA
CUST0513,Kevin Martin,108053,Business,2024-07-23,OH
CUST0514,Thomas Robinson,52311,Salary,2024-08-26,WA
CUST0515,William Carter,60581,Salary,2023-12-29,GA
CUST0516,Christopher Scott,157770,Business,2022-04-04,AZ
CUST0517,Deborah Campbell,87523,Salary,2023-02-06,MA
CUST0518,Margaret Wilson,10112,Student,2023-01-26,VA
CUST0519,Kevin Baker,15497,Student,2024-07-11,FL
CUST0520,Paul Rodriguez,93785,Salary,2022-04-10,NJ
CUST0521,Paul Roberts,40000,Business,2022-12-22,PA
CUST0522,Kenneth Hill,88584,Salary,2024-02-27,WA
CUST0523,Sarah Moore,35061,Retired,2023-08-26,CO
CUST0524,George Mitchell,17853,Student,2023-10-05,MI
CUST0525,Kevin Wilson,55919,Salary,2023-08-19,OH
CUST0526,David Rivera,30000,Salary,2023-10-23,PA
CUST0527,Donna Torres,40000,Business,2024-12-29,MA
CUST0528,John King,76202,Salary,2022-10-25,FL
CUST0529,Richard Jackson,81493,Salary,2022-05-08,NC
CUST0530,Robert Thompson,52392,Salary,2023-04-05,VA
CUST0531,George Jackson,54579,Retired,2024-03-04,CA
CUST0532,Emily Brown,40000,Business,2023-02-20,NY
CUST0533,Thomas Green,14670,Student,2023-02-07,AZ
CUST0534,Christopher Lewis,26835,Retired,2022-06-02,PA
CUST0535,Anthony Williams,58704,Salary,2023-06-26,MA
CUST0536,Lisa Robinson,76185,Salary,2023-10-23,IL
CUST0537,Brian Martin,10698,Student,2024-01-04,NJ
CUST0538,Kimberly Anderson,65386,Salary,2024-10-31,PA
CUST0539,Matthew Anderson,170315,Business,2023-11-10,OH
CUST0540,Kimberly Walker,60578,Salary,2023-12-10,NY
CUST0541,Michelle Flores,57535,Retired,2023-10-20,GA
CUST0542,Charles Wright,46757,Salary,2024-11-24,MI
CUST0543,Donald Young,88245,Salary,2023-01-30,CA
CUST0544,Stephanie Wright,192078,Business,2023-03-08,NY
CUST0545,Sandra Miller,30000,Salary,2024-06-10,OH
CUST0546,Deborah Baker,55078,Salary,2023-11-11,IL
CUST0547,Charles Scott,89427,Salary,2023-04-12,TX
CUST0548,Margaret Ramirez,69924,Salary,2022-08-31,WA
CUST0549,Ronald Mitchell,138557,Business,2022-05-29,CA
CUST0550,Amanda Martin,59900,Salary,2024-06-15,TX
CUST0551,Mary Walker,77165,Salary,2022-10-07,PA
CUST0552,Christopher Green,71108,Salary,2024-02-04,IL
CUST0553,Barbara Davis,104195,Salary,2024-03-18,CA
CUST0554,Nancy Wilson,81361,Salary,2024-11-15,AZ
CUST0555,Charles Gonzalez,83440,Salary,2022-04-22,FL
CUST0556,Emily Robinson,64703,Salary,2022-05-18,TX
CUST0557,Lisa Thompson,95620,Business,2023-04-26,IL
CUST0558,Daniel Young,64186,Salary,2023-09-19,VA
CUST0559,Daniel Ramirez,84861,Salary,2023-05-20,PA
CUST0560,Karen White,98951,Business,2023-11-11,IL
CUST0561,Nancy Young,82244,Salary,2022-06-17,FL
CUST0562,David Wright,126885,Salary,2022-06-06,OH
CUST0563,Paul Green,19356,Student,2024-04-09,NY
CUST0564,Robert Scott,66849,Salary,2024-08-24,NC
CUST0565,Stephanie Nguyen,105030,Salary,2024-10-23,MI
CUST0566,Brian Thomas,12960,Student,2022-10-15,PA
CUST0567,Brian Martinez,20000,Retired,2022-03-24,NJ
CUST0568,Betty Anderson,69596,Business,2024-11-26,CA
CUST0569,Ashley Williams,20000,Retired,2023-10-26,CA
CUST0570,Kevin Moore,66212,Salary,2022-12-23,NC
CUST0571,Michael King,75460,Salary,2023-04-02,NC
CUST0572,Dorothy Walker,116911,Salary,2022-10-12,NY
CUST0573,Karen Wilson,83173,Salary,2024-01-12,IL
CUST0574,Brian Anderson,13904,Student,2022-08-21,MA
CUST0575,Jessica Nguyen,161470,Business,2024-04-21,PA
CUST0576,Richard Rodriguez,5000,Student,2022-10-28,CA
CUST0577,Susan King,80890,Salary,2022-02-08,CO
CUST0578,Jennifer Wilson,158543,Business,2024-08-23,VA
CUST0579,Kenneth Martinez,46071,Business,2024-11-12,PA
CUST0580,Ashley Hill,103594,Salary,2024-02-29,TX
CUST0581,Paul Baker,16692,Student,2022-07-17,MA
CUST0582,Kenneth Williams,64618,Salary,2022-09-24,FL
CUST0583,Stephanie Baker,90820,Salary,2024-01-29,MA
CUST0584,Steven Roberts,131767,Salary,2022-07-20,CO
CUST0585,Jennifer Jackson,79547,Salary,2022-01-12,MA
CUST0586,Elizabeth King,81206,Salary,2023-02-25,NY
CUST0587,Barbara Ramirez,63516,Salary,2024-05-17,NC
CUST0588,Margaret Carter,53754,Salary,2024-09-15,OH
CUST0589,Nancy Torres,19152,Student,2024-03-26,AZ
CUST0590,Brian Davis,53598,Salary,2022-11-28,GA
CUST0591,Emily Flores,76789,Salary,2022-01-11,CA
CUST0592,Steven Hill,63059,Salary,2023-06-23,MA
CUST0593,Anthony Sanchez,143949,Business,2022-04-28,MI
CUST0594,Kevin Young,83342,Salary,2024-11-27,VA
CUST0595,Kimberly Hall,171877,Business,2022-03-15,GA
CUST0596,Jennifer Moore,62250,Salary,2024-03-20,CO
CUST0597,Melissa Jones,68253,Salary,2023-12-14,TX
CUST0598,Thomas Hill,50531,Salary,2024-04-07,OH
CUST0599,William Scott,63893,Salary,2023-11-28,TX
CUST0600,Charles Wright,138865,Business,2024-02-12,NC
CUST0601,Stephanie Robinson,18785,Student,2022-02-26,VA
CUST0602,Anthony Green,73892,Business,2023-04-16,GA
CUST0603,Andrew Smith,96740,Salary,2022-07-10,NC
CUST0604,Emily Lopez,108891,Salary,2023-03-24,NJ
CUST0605,Amanda Gonzalez,140672,Business,2023-04-26,NJ
CUST0606,Jessica Anderson,24384,Student,2023-12-31,OH
CUST0607,Amanda Nelson,81311,Business,2022-03-28,NJ
CUST0608,Joshua Moore,43884,Salary,2024-11-12,NJ
CUST0609,Patricia King,30532,Salary,2022-03-08,MA
CUST0610,Susan Robinson,194802,Business,2024-07-31,FL
CUST0611,Anthony Nguyen,91359,Salary,2023-06-16,FL
CUST0612,Michelle Perez,73610,Salary,2024-05-18,AZ
CUST0613,Margaret Moore,81999,Salary,2022-09-26,VA
CUST0614,Edward Moore,46863,Salary,2024-02-20,GA
CUST0615,Deborah Martinez,27229,Student,2022-12-28,NJ
CUST0616,Kevin King,15646,Student,2023-09-07,WA
CUST0617,Patricia Sanchez,125470,Business,2022-05-03,FL
CUST0618,William Lewis,93144,Salary,2024-01-08,WA
CUST0619,Charles Thompson,87025,Salary,2023-12-21,NY
CUST0620,Joseph Torres,48358,Retired,2023-08-06,PA
CUST0621,Deborah Lewis,55238,Salary,2023-08-10,TX
CUST0622,Richard Green,86787,Salary,2024-04-08,WA
CUST0623,Thomas Lee,214101,Business,2023-07-02,WA
CUST0624,Stephanie White,108636,Salary,2023-01-12,VA
CUST0625,Charles Mitchell,114830,Salary,2024-03-24,TX
CUST0626,Emily Brown,12444,Student,2024-12-09,NY
CUST0627,Barbara Garcia,50260,Salary,2023-05-22,CO
CUST0628,Kimberly Hernandez,71855,Salary,2024-01-01,NY
CUST0629,Andrew Moore,76393,Salary,2022-12-29,VA
CUST0630,Joshua Ramirez,61413,Retired,2024-09-13,MI
CUST0631,Donald Martin,32688,Salary,2022-11-15,AZ
CUST0632,David Thompson,113239,Salary,2022-01-18,MI
CUST0633,Nancy Smith,14210,Student,2023-04-19,MA
CUST0634,Joseph Clark,64328,Salary,2022-12-01,MA
CUST0635,Thomas Taylor,49697,Salary,2023-05-06,TX
CUST0636,George Baker,33629,Salary,2024-12-25,NC
CUST0637,Susan Rodriguez,95579,Salary,2024-07-21,MI
CUST0638,Joseph Lee,76833,Salary,2024-12-31,NY
CUST0639,Christopher Moore,55502,Business,2022-01-17,IL
CUST0640,Lisa Clark,8525,Student,2024-10-17,MI
CUST0641,Robert Perez,13321,Student,2022-10-27,TX
CUST0642,Michael Wright,116726,Salary,2023-05-28,NJ
CUST0643,Elizabeth Roberts,68510,Salary,2024-06-26,GA
CUST0644,Joseph Robinson,37421,Salary,2023-03-03,FL
CUST0645,Daniel Hernandez,107713,Business,2024-12-02,CA
CUST0646,Betty Brown,40909,Retired,2023-04-29,OH
CUST0647,Karen Nguyen,30000,Salary,2023-05-13,FL
CUST0648,Steven Hall,73643,Salary,2022-07-03,IL
CUST0649,Lisa Carter,69227,Salary,2022-11-12,CA
CUST0650,Thomas Lee,18481,Student,2024-06-17,AZ
CUST0651,Edward Rodriguez,24245,Student,2024-09-20,NC
CUST0652,Andrew Hall,103164,Salary,2023-01-18,NJ
CUST0653,Kenneth Scott,68278,Salary,2022-11-14,PA
CUST0654,Andrew White,47337,Salary,2024-11-02,VA
CUST0655,Betty Roberts,139334,Salary,2022-05-10,GA
CUST0656,Kimberly Baker,15296,Student,2022-11-12,NJ
CUST0657,Carol Lee,75348,Salary,2022-05-17,FL
CUST0658,Susan Williams,74397,Salary,2023-01-28,OH
CUST0659,Brian Young,79952,Salary,2023-03-29,NC
CUST0660,Jessica Adams,42835,Retired,2022-06-13,NJ
CUST0661,Deborah Clark,12132,Student,2022-04-30,AZ
CUST0662,Robert Campbell,12266,Student,2022-06-09,TX
CUST0663,William Miller,74181,Salary,2023-01-24,GA
CUST0664,Susan Scott,92829,Business,2024-01-04,MA
CUST0665,William Hernandez,57179,Salary,2024-10-30,PA
CUST0666,Donald Thompson,77661,Salary,2023-10-27,WA
CUST0667,Edward Lee,68626,Salary,2023-03-15,GA
CUST0668,Betty Lewis,67560,Retired,2022-01-01,VA
CUST0669,Kenneth Johnson,20000,Retired,2023-09-11,IL
CUST0670,Jessica Lee,20458,Student,2023-07-20,NY
CUST0671,Joshua Torres,106152,Salary,2024-07-31,IL
CUST0672,Donna Thomas,30000,Salary,2023-09-08,GA
CUST0673,Edward Jones,13287,Student,2022-12-21,WA
CUST0674,George Torres,65714,Salary,2023-09-08,FL
CUST0675,Anthony Garcia,23887,Retired,2023-11-16,CA
CUST0676,Mark Davis,81109,Business,2022-01-24,GA
CUST0677,Kimberly Williams,47236,Salary,2022-11-03,WA
CUST0678,Amanda Campbell,71284,Retired,2024-10-30,CO
CUST0679,Barbara Rodriguez,98392,Salary,2022-04-11,WA
CUST0680,Sandra Roberts,21358,Student,2024-09-11,IL
CUST0681,Carol Torres,93042,Salary,2024-12-09,OH
CUST0682,Daniel Baker,46774,Salary,2024-04-27,TX
CUST0683,Kenneth Adams,12377,Student,2022-12-13,NY
CUST0684,Donald Flores,87234,Salary,2023-04-24,IL
CUST0685,Jennifer Davis,44447,Salary,2022-10-30,CA
CUST0686,John Perez,92825,Salary,2024-08-22,FL
CUST0687,Jessica Wright,68992,Salary,2022-10-17,NC
CUST0688,Brian King,65629,Salary,2022-05-04,CA
CUST0689,Patricia Robinson,92774,Salary,2023-07-10,NY
CUST0690,Betty Miller,86107,Salary,2024-03-02,NY
CUST0691,William Lee,13195,Student,2024-12-24,NJ
CUST0692,Emily Rivera,103983,Salary,2024-12-20,NY
CUST0693,Mary Thompson,47973,Salary,2023-09-12,AZ
CUST0694,Paul Moore,150797,Business,2024-03-03,CA
CUST0695,Mary Scott,89828,Salary,2023-12-01,NC
CUST0696,Anthony King,67261,Salary,2022-11-09,GA
CUST0697,Donald Wright,83153,Salary,2022-10-11,IL
CUST0698,David Martin,43722,Salary,2022-10-25,IL
CUST0699,Michael Scott,98101,Salary,2022-10-26,FL
CUST0700,Mark Clark,70377,Salary,2023-07-15,MI
CUST0701,Mary Carter,93864,Business,2023-04-18,NC
CUST0702,Jennifer Hall,101225,Salary,2024-08-18,NJ
CUST0703,Dorothy Walker,57391,Salary,2023-04-09,IL
CUST0704,Karen Clark,49577,Business,2023-02-20,GA
CUST0705,Donald Flores,42169,Business,2024-07-26,NJ
CUST0706,Kenneth Mitchell,150300,Business,2024-03-18,CO
CUST0707,Kimberly Adams,42989,Salary,2024-07-13,CA
CUST0708,Sarah King,71322,Retired,2022-03-22,CO
CUST0709,Patricia Gonzalez,30000,Salary,2023-09-16,MI
CUST0710,Christopher Flores,204823,Business,2022-10-19,CA
CUST0711,Paul Davis,16055,Student,2022-10-05,PA
CUST0712,Mary Lopez,72582,Salary,2023-02-18,VA
CUST0713,Carol Rivera,92754,Business,2022-09-11,PA
CUST0714,Jennifer King,139957,Business,2024-11-13,CO
CUST0715,Robert Roberts,44435,Retired,2022-11-04,PA
CUST0716,Patricia Clark,102583,Salary,2024-07-02,MI
CUST0717,Joseph Smith,77856,Salary,2024-10-16,NC
CUST0718,Dorothy Thomas,78758,Salary,2024-09-01,OH
CUST0719,John Thomas,101819,Business,2023-03-02,NC
CUST0720,Robert Martinez,117153,Business,2023-09-04,CA
CUST0721,Susan Hernandez,135390,Business,2022-12-30,MI
CUST0722,Robert Garcia,32246,Salary,2024-02-16,MI
CUST0723,Michael Jackson,41295,Salary,2023-07-17,NJ
CUST0724,Jessica Flores,93582,Salary,2024-12-19,CA
CUST0725,Melissa Jackson,128543,Business,2023-10-11,MA
CUST0726,David Flores,70400,Salary,2024-10-16,NJ
CUST0727,Melissa Jackson,75461,Salary,2022-02-19,OH
CUST0728,Jessica Flores,83690,Salary,2023-11-15,MA
CUST0729,Jessica Smith,93012,Business,2023-06-06,OH
CUST0730,Daniel Roberts,55542,Salary,2023-11-14,NY
CUST0731,Mary Lopez,79896,Salary,2023-11-24,OH
CUST0732,Robert Adams,50541,Salary,2024-08-01,IL
CUST0733,Mark Mitchell,17041,Student,2023-09-06,CA
CUST0734,Emily Wright,32435,Salary,2023-11-11,NY
CUST0735,Matthew Jones,100729,Salary,2022-03-05,IL
CUST0736,Richard Torres,86815,Salary,2022-08-28,CO
CUST0737,Daniel Rivera,81401,Salary,2022-06-27,CA
CUST0738,Nancy Wilson,99567,Salary,2024-02-06,MI
CUST0739,Donald Allen,23327,Student,2024-10-21,NY
CUST0740,Steven Campbell,20072,Student,2022-10-21,MI
CUST0741,Kimberly Baker,30000,Salary,2022-03-16,IL
CUST0742,John Martin,56021,Business,2022-06-28,CA
CUST0743,William King,59380,Salary,2023-10-02,MI
CUST0744,Christopher Moore,15130,Student,2022-08-29,WA
CUST0745,Michelle Scott,87941,Salary,2023-12-19,FL
CUST0746,Christopher Torres,56856,Salary,2023-09-30,GA
CUST0747,David Johnson,47802,Retired,2022-04-14,NJ
CUST0748,Susan Rivera,82231,Business,2023-10-02,VA
CUST0749,Andrew Garcia,59712,Salary,2022-07-10,VA
CUST0750,Ashley Miller,39833,Salary,2024-08-11,VA
CUST0751,Barbara Flores,31152,Retired,2024-03-13,NC
CUST0752,Lisa Lee,41208,Salary,2022-05-14,VA
CUST0753,Richard Jackson,71206,Business,2022-09-18,AZ
CUST0754,William Lee,20268,Student,2024-12-27,TX
CUST0755,Sarah Flores,51265,Salary,2024-09-14,GA
CUST0756,Donna Ramirez,140810,Salary,2023-12-02,MA
CUST0757,Michael Mitchell,87333,Salary,2024-08-06,NJ
CUST0758,Nancy Sanchez,79621,Salary,2024-02-16,TX
CUST0759,Jessica Rodriguez,10708,Student,2022-11-02,NY
CUST0760,Michelle Torres,92508,Salary,2023-10-11,VA
CUST0761,Sandra Rivera,36365,Retired,2022-01-17,AZ
CUST0762,Christopher Brown,46830,Retired,2022-04-19,AZ
CUST0763,Elizabeth Jackson,139002,Salary,2024-03-18,NY
CUST0764,Sandra Wright,115197,Business,2024-08-30,OH
CUST0765,Betty Clark,103732,Salary,2022-09-15,IL
CUST0766,Edward Young,34452,Retired,2022-10-06,MA
CUST0767,Ashley Hall,118251,Business,2024-07-19,MA
CUST0768,Matthew Anderson,119270,Salary,2022-01-16,PA
CUST0769,Sarah Rivera,59326,Salary,2024-01-22,NC
CUST0770,Betty Davis,72187,Retired,2022-06-13,NJ
CUST0771,Ronald Roberts,92694,Salary,2022-06-10,NC
CUST0772,Kevin Mitchell,91877,Business,2023-10-02,TX
CUST0773,Andrew Roberts,90810,Salary,2024-11-15,NY
CUST0774,Matthew Jackson,99314,Salary,2023-09-15,MI
CUST0775,Steven Nguyen,90545,Salary,2023-08-21,PA
CUST0776,Jennifer Rodriguez,7149,Student,2023-07-24,TX
CUST0777,Karen Taylor,83643,Business,2022-12-24,NY
CUST0778,Betty Lopez,13762,Student,2023-04-29,NC
CUST0779,Robert Perez,43883,Retired,2022-11-12,TX
CUST0780,Anthony Thomas,151034,Business,2022-12-09,VA
CUST0781,Carol Taylor,79443,Salary,2024-08-08,FL
CUST0782,Ronald Wright,41616,Salary,2024-03-09,GA
CUST0783,John Jackson,84505,Salary,2023-10-09,VA
CUST0784,Andrew Green,54159,Retired,2024-06-03,AZ
CUST0785,Karen Moore,88995,Salary,2024-03-12,FL
CUST0786,Amanda Nguyen,102020,Salary,2023-01-04,OH
CUST0787,Michael Smith,95848,Salary,2022-08-01,MA
CUST0788,Charles Gonzalez,86480,Salary,2022-07-08,CA
CUST0789,Jessica Hill,116492,Business,2022-09-03,FL
CUST0790,Ronald Adams,6695,Student,2023-01-13,PA
CUST0791,Michael Green,51444,Retired,2023-07-21,VA
CUST0792,Stephanie Lee,80192,Salary,2022-06-01,NC
CUST0793,Patricia Taylor,81789,Salary,2022-05-23,NC
CUST0794,Michelle Sanchez,56163,Business,2022-08-11,PA
CUST0795,Carol Miller,65947,Business,2022-07-31,VA
CUST0796,Stephanie Lewis,20266,Student,2022-11-01,NY
CUST0797,Anthony Moore,118022,Business,2024-03-12,IL
CUST0798,Dorothy Walker,92038,Salary,2022-05-24,MA
CUST0799,Stephanie Walker,75708,Salary,2024-01-06,FL
CUST0800,Carol Garcia,75744,Salary,2023-11-28,AZ
CUST0801,Carol Gonzalez,98457,Salary,2024-02-26,PA
CUST0802,William Green,62099,Salary,2024-06-15,AZ
CUST0803,Edward Nguyen,77403,Salary,2022-05-10,GA
CUST0804,Donald Johnson,63443,Salary,2023-11-23,CA
CUST0805,Carol Nelson,38483,Retired,2022-11-02,VA
CUST0806,Deborah Martinez,104541,Business,2024-08-23,NJ
CUST0807,Carol Rodriguez,80553,Salary,2022-04-13,NY
CUST0808,William Robinson,12606,Student,2022-05-11,PA
CUST0809,Michelle Anderson,21279,Student,2024-05-22,TX
CUST0810,Deborah Baker,52635,Salary,2022-10-09,CO
CUST0811,Jessica Carter,70328,Salary,2023-11-19,CA
CUST0812,Richard Hall,64007,Salary,2024-06-17,AZ
CUST0813,Kevin Flores,22235,Student,2022-02-02,CO
CUST0814,Jennifer Rivera,79914,Salary,2024-09-01,MI
CUST0815,Kimberly Lewis,100796,Salary,2022-12-24,MA
CUST0816,Dorothy Flores,45722,Business,2023-09-09,TX
CUST0817,Elizabeth King,133353,Business,2024-11-05,FL
CUST0818,Karen Brown,97241,Salary,2022-11-02,OH
CUST0819,Steven Young,77057,Salary,2022-03-30,PA
CUST0820,Charles Perez,101637,Salary,2022-04-18,VA
CUST0821,Dorothy Allen,62068,Salary,2023-04-27,FL
CUST0822,Joseph Mitchell,110234,Salary,2022-08-14,WA
CUST0823,Joseph Harris,132472,Salary,2024-09-19,GA
CUST0824,Michelle Robinson,65929,Salary,2022-10-07,PA
CUST0825,Karen Gonzalez,63862,Salary,2022-05-03,WA
CUST0826,Mark Hernandez,111335,Salary,2023-08-28,WA
CUST0827,Michelle Hernandez,114489,Salary,2024-12-04,GA
CUST0828,Donna Walker,61928,Salary,2024-05-26,VA
CUST0829,Donna Anderson,38697,Retired,2022-01-11,IL
CUST0830,Edward Roberts,67955,Salary,2024-03-18,CA
CUST0831,Donald Young,41389,Salary,2022-01-26,GA
CUST0832,Matthew Jackson,74067,Business,2022-07-05,GA
CUST0833,Ashley Torres,29938,Retired,2024-08-07,NY
CUST0834,Margaret Lopez,81610,Business,2022-01-03,AZ
CUST0835,Lisa King,74133,Salary,2023-07-07,CA
CUST0836,Jessica Baker,131711,Business,2023-11-19,TX
CUST0837,Amanda White,113763,Salary,2024-01-19,CA
CUST0838,Carol Scott,50041,Salary,2023-02-24,TX
CUST0839,Carol Walker,19922,Student,2023-04-07,OH
CUST0840,Paul Baker,69650,Salary,2022-05-10,MA
CUST0841,Elizabeth Walker,73763,Salary,2024-01-24,MI
CUST0842,Michael Gonzalez,91870,Salary,2024-03-11,VA
CUST0843,William Hernandez,46932,Salary,2022-10-31,NC
CUST0844,Kimberly Green,84560,Salary,2022-09-28,NY
CUST0845,Mary Jackson,79161,Salary,2023-04-21,OH
CUST0846,Donna Perez,87311,Salary,2024-12-21,WA
CUST0847,David Martin,16446,Student,2023-04-10,PA
CUST0848,Stephanie Brown,136383,Salary,2024-07-22,IL
CUST0849,Andrew Jackson,35434,Retired,2022-11-11,PA
CUST0850,Joshua Rodriguez,61725,Salary,2023-01-13,VA
CUST0851,Matthew Martinez,59421,Salary,2022-11-29,AZ
CUST0852,Dorothy Roberts,36668,Retired,2023-10-18,IL
CUST0853,Andrew Allen,88131,Business,2023-08-29,WA
CUST0854,Joshua Nelson,20945,Student,2024-06-24,IL
CUST0855,Robert Rodriguez,110513,Salary,2024-04-02,FL
CUST0856,Daniel Brown,60731,Salary,2023-03-31,OH
CUST0857,Jennifer Wright,78382,Business,2022-06-28,VA
CUST0858,Kenneth Hill,52071,Retired,2024-01-10,CA
CUST0859,Anthony White,61194,Salary,2023-12-21,NY
CUST0860,Jessica Campbell,151647,Business,2024-05-01,VA
CUST0861,Sandra Campbell,80073,Salary,2022-06-26,MA
CUST0862,Kimberly Perez,22264,Retired,2024-02-09,TX
CUST0863,Mark Lopez,197375,Business,2022-10-08,VA
CUST0864,Christopher Scott,119897,Salary,2023-09-11,NJ
CUST0865,Ashley Anderson,11936,Student,2022-11-12,NY
CUST0866,Kevin Walker,100615,Business,2023-08-13,FL
CUST0867,Sarah Johnson,16429,Student,2024-10-06,FL
CUST0868,Donna Walker,16672,Student,2024-09-01,MA
CUST0869,Betty Allen,18293,Student,2022-11-30,NY
CUST0870,George Rodriguez,125255,Salary,2023-07-13,AZ
CUST0871,Patricia Jackson,70576,Salary,2022-06-07,MI
CUST0872,William Hill,55043,Salary,2023-10-10,PA
CUST0873,Amanda Hall,40517,Salary,2023-12-22,AZ
CUST0874,Betty Roberts,56727,Salary,2022-11-30,NJ
CUST0875,Joseph Scott,74172,Salary,2022-06-06,FL
CUST0876,Matthew Martin,119864,Salary,2024-06-24,AZ
CUST0877,Lisa Lopez,62060,Salary,2022-08-31,MI
CUST0878,Barbara Hall,80595,Salary,2023-03-06,GA
CUST0879,Elizabeth Jones,14918,Student,2024-06-02,NY
CUST0880,Paul Nguyen,104710,Salary,2023-06-03,CA
CUST0881,William Davis,138173,Salary,2023-02-14,OH
CUST0882,Deborah Moore,61728,Salary,2024-10-22,AZ
CUST0883,Michael Miller,62764,Salary,2023-01-28,NY
CUST0884,John Campbell,60662,Retired,2024-10-29,FL
CUST0885,Susan Lewis,92047,Salary,2023-12-28,FL
CUST0886,Mark Davis,121168,Salary,2022-08-14,WA
CUST0887,Christopher Scott,89598,Salary,2024-10-08,CA
CUST0888,Nancy Baker,66018,Salary,2024-04-14,VA
CUST0889,Joseph Jones,53860,Retired,2024-01-23,NJ
CUST0890,Dorothy Baker,102718,Salary,2024-12-06,FL
CUST0891,Margaret Hall,161024,Business,2022-12-12,FL
CUST0892,Lisa Gonzalez,87682,Salary,2024-05-19,CO
CUST0893,Donna Nguyen,20333,Student,2024-03-30,NC
CUST0894,Margaret Young,104232,Salary,2024-07-20,NC
CUST0895,Kevin Rodriguez,109554,Salary,2022-04-19,NY
CUST0896,Susan Harris,91218,Salary,2022-07-17,WA
CUST0897,Dorothy Robinson,70822,Salary,2024-10-16,OH
CUST0898,Andrew Wright,47201,Retired,2022-03-06,NY
CUST0899,Elizabeth Harris,105163,Salary,2024-02-10,VA
CUST0900,Brian Roberts,10915,Student,2022-12-03,MI
CUST0901,Dorothy Carter,84217,Salary,2024-10-01,FL
CUST0902,Steven Scott,65167,Salary,2024-03-12,PA
CUST0903,Amanda Thompson,75719,Salary,2022-02-27,MI
CUST0904,Deborah Nguyen,21392,Student,2023-11-30,NY
CUST0905,Matthew Clark,79777,Salary,2023-05-16,AZ
CUST0906,George Jones,76161,Salary,2022-12-14,MI
CUST0907,Sandra Torres,41004,Salary,2024-08-19,MA
CUST0908,Anthony Torres,93656,Salary,2022-07-20,CO
CUST0909,Lisa Young,91137,Salary,2023-09-06,WA
CUST0910,Michael Wright,129081,Salary,2022-04-08,OH
CUST0911,Michelle Mitchell,104611,Business,2022-07-14,TX
CUST0912,Kimberly Walker,80479,Salary,2022-06-07,MA
CUST0913,Sandra Nelson,81235,Salary,2024-04-03,WA
CUST0914,Emily Lopez,198873,Business,2024-11-23,NY
CUST0915,Deborah Robinson,43571,Retired,2024-12-27,NC
CUST0916,Sandra Torres,81976,Salary,2024-01-17,CA
CUST0917,Ronald Martin,90197,Salary,2022-05-12,MA
CUST0918,Karen Jackson,79665,Salary,2023-04-29,PA
CUST0919,Sarah Martin,63839,Salary,2024-06-12,VA
CUST0920,Joseph Hernandez,79852,Salary,2023-06-14,NC
CUST0921,Carol Williams,20368,Student,2022-04-24,NJ
CUST0922,Michael Clark,68674,Business,2022-07-04,AZ
CUST0923,David Thomas,78324,Salary,2024-10-21,FL
CUST0924,Stephanie King,57497,Salary,2022-07-04,NC
CUST0925,Lisa Nguyen,20975,Student,2023-04-29,CO
CUST0926,William Lopez,22152,Retired,2024-06-19,OH
CUST0927,Patricia Young,92054,Business,2022-08-20,AZ
CUST0928,Karen Martinez,84430,Salary,2024-01-24,AZ
CUST0929,Kenneth Williams,198276,Business,2023-05-06,CA
CUST0930,George White,73356,Salary,2023-04-30,FL
CUST0931,Margaret Taylor,61120,Salary,2023-04-28,MI
CUST0932,Richard Lewis,24406,Student,2024-04-12,WA
CUST0933,Jennifer Roberts,38800,Salary,2024-04-25,NJ
CUST0934,William Hernandez,30000,Salary,2023-12-22,NC
CUST0935,Daniel Robinson,17200,Student,2023-01-12,NY
CUST0936,David Smith,62449,Salary,2023-09-18,CO
CUST0937,Kimberly Rivera,9894,Student,2024-04-20,IL
CUST0938,Steven Mitchell,92709,Salary,2023-11-02,IL
CUST0939,Susan Sanchez,48657,Retired,2023-04-05,CO
CUST0940,Michelle Green,36539,Retired,2024-08-05,GA
CUST0941,Margaret Flores,55985,Business,2022-11-02,MA
CUST0942,Elizabeth Smith,19362,Student,2024-07-18,MA
CUST0943,Thomas Rivera,91255,Salary,2023-06-30,OH
CUST0944,Jessica Hill,43512,Retired,2023-08-03,OH
CUST0945,Barbara Johnson,72700,Retired,2023-04-28,MI
CUST0946,Betty Nguyen,48248,Salary,2024-08-18,VA
CUST0947,Amanda Wilson,43724,Business,2023-06-09,CO
CUST0948,Sarah Walker,34621,Retired,2022-04-04,AZ
CUST0949,Margaret Nelson,73860,Salary,2022-03-26,AZ
CUST0950,Lisa Robinson,81083,Salary,2024-12-22,IL
CUST0951,David Young,107938,Business,2024-05-30,NC
CUST0952,Michelle Carter,83801,Salary,2024-06-11,NC
CUST0953,Ronald Martinez,43712,Salary,2022-11-01,VA
CUST0954,Richard Rivera,111094,Salary,2024-10-10,VA
CUST0955,Dorothy Robinson,72946,Salary,2022-10-31,NJ
CUST0956,Susan Hernandez,102932,Salary,2023-03-11,NC
CUST0957,Kimberly Roberts,83568,Salary,2022-06-07,PA
CUST0958,Lisa Johnson,142838,Business,2022-09-07,MI
CUST0959,Daniel Martinez,89244,Salary,2024-09-09,NY
CUST0960,Kenneth Nelson,86193,Salary,2022-03-31,NY
CUST0961,Daniel Campbell,91068,Salary,2022-04-10,IL
CUST0962,Deborah Jones,108229,Salary,2023-06-07,CO
CUST0963,Margaret Garcia,15983,Student,2022-11-30,NY
CUST0964,Carol Carter,92725,Salary,2024-10-02,IL
CUST0965,Amanda Hill,72757,Salary,2022-07-16,IL
CUST0966,Anthony Walker,111003,Salary,2024-05-16,NC
CUST0967,Susan Ramirez,58090,Salary,2024-11-17,MA
CUST0968,Amanda Rivera,72014,Retired,2024-12-15,IL
CUST0969,Sandra Garcia,73996,Salary,2022-09-19,NJ
CUST0970,Sandra Jackson,39231,Salary,2022-04-03,CA
CUST0971,Ashley Nelson,78203,Salary,2022-06-17,NC
CUST0972,Ashley Lopez,11595,Student,2022-04-03,PA
CUST0973,Nancy Lee,19203,Student,2024-07-10,VA
CUST0974,Susan Wilson,58684,Salary,2023-06-16,PA
CUST0975,John Sanchez,63845,Salary,2024-09-04,FL
CUST0976,Deborah Hill,30000,Salary,2024-01-09,NJ
CUST0977,Amanda Sanchez,63692,Salary,2022-10-04,MI
CUST0978,Joseph Johnson,30000,Salary,2022-10-25,OH
CUST0979,Andrew Gonzalez,35402,Salary,2024-08-07,TX
CUST0980,Barbara Mitchell,56406,Retired,2024-08-23,VA
CUST0981,Christopher Torres,94645,Salary,2022-01-17,CO
CUST0982,Sandra Clark,141273,Business,2023-08-19,NJ
CUST0983,Edward Flores,50826,Salary,2022-05-05,NJ
CUST0984,Michael Moore,14761,Student,2022-08-28,MA
CUST0985,Matthew Lewis,74910,Salary,2023-08-13,MA
CUST0986,Paul Anderson,27625,Retired,2024-08-17,WA
CUST0987,Mark Baker,22517,Student,2022-11-28,AZ
CUST0988,Deborah Garcia,96934,Salary,2023-02-13,NJ
CUST0989,Dorothy Martin,69476,Salary,2022-04-07,GA
CUST0990,Amanda Hernandez,15134,Student,2024-10-28,PA
CUST0991,Michelle Anderson,80210,Salary,2024-09-23,FL
CUST0992,Robert Roberts,5000,Student,2024-11-21,NC
CUST0993,Donald Robinson,41292,Retired,2022-07-28,FL
CUST0994,Kevin Davis,34770,Retired,2022-11-18,OH
CUST0995,Dorothy Campbell,49959,Salary,2024-01-15,FL
CUST0996,Donald Clark,67972,Salary,2024-08-28,NY
CUST0997,Betty Rivera,119942,Salary,2023-05-18,MA
CUST0998,Thomas Rodriguez,91021,Salary,2024-04-18,MA
CUST0999,Kimberly Baker,36432,Retired,2024-06-25,AZ
CUST1000,Michael Garcia,89315,Salary,2022-12-03,WA
